customer_id,timestamp,churn_probability,risk_tier,tenure_segment,is_high_value,monthly_spend,recommended_action,rule_fired,true_churn_label
0,2026-09-01T15:35:16.921601,0.0418,Low,Loyal,True,114.05,No action needed,RULE_LOW_NO_ACTION,0
1,2026-09-01T15:35:16.921601,0.0291,Low,Established,True,100.15,No action needed,RULE_LOW_NO_ACTION,0
2,2026-09-01T15:35:16.921601,0.0615,Low,Loyal,False,78.35,No action needed,RULE_LOW_NO_ACTION,0
3,2026-09-01T15:35:16.921601,0.1433,Medium,Established,False,78.2,Proactive support outreach,RULE_MEDIUM_LOW_VALUE_OUTREACH,0
4,2026-09-01T15:35:16.921601,0.067,Low,Loyal,False,82.65,No action needed,RULE_LOW_NO_ACTION,0
5,2026-09-01T15:35:16.922600,0.2903,Medium,Established,True,99.85,Loyalty reward,RULE_MEDIUM_HIGH_VALUE_REWARD,0
6,2026-09-01T15:35:16.922600,0.0156,Low,Established,True,99.15,No action needed,RULE_LOW_NO_ACTION,0
7,2026-09-01T15:35:16.922600,0.5261,High,Established,False,24.1,Plan downgrade offer,RULE_LOW_VALUE_DOWNGRADE,0
8,2026-09-01T15:35:16.922600,0.0148,Low,Loyal,False,19.75,No action needed,RULE_LOW_NO_ACTION,0
9,2026-09-01T15:35:16.922600,0.7251,High,Established,False,45.05,Plan downgrade offer,RULE_LOW_VALUE_DOWNGRADE,1
10,2026-09-01T15:35:16.922600,0.0091,Low,Loyal,True,106.05,No action needed,RULE_LOW_NO_ACTION,0
11,2026-09-01T15:35:16.922600,0.0015,Low,Loyal,True,114.85,No action needed,RULE_LOW_NO_ACTION,0
12,2026-09-01T15:35:16.922600,0.0475,Low,Loyal,False,30.2,No action needed,RULE_LOW_NO_ACTION,0
13,2026-09-01T15:35:16.923602,0.9189,High,Established,False,84.8,Plan downgrade offer,RULE_LOW_VALUE_DOWNGRADE,1
14,2026-09-01T15:35:16.923602,0.0035,Low,Established,False,48.8,No action needed,RULE_LOW_NO_ACTION,0
15,2026-09-01T15:35:16.923602,0.0066,Low,Loyal,False,84.5,No action needed,RULE_LOW_NO_ACTION,0
16,2026-09-01T15:35:16.923602,0.002,Low,Established,False,19.5,No action needed,RULE_LOW_NO_ACTION,0
17,2026-09-01T15:35:16.923602,0.4256,Medium,Established,True,91.0,Loyalty reward,RULE_MEDIUM_HIGH_VALUE_REWARD,0
18,2026-09-01T15:35:16.923602,0.0054,Low,Loyal,True,105.7,No action needed,RULE_LOW_NO_ACTION,0
19,2026-09-01T15:35:16.923602,0.001,Low,Loyal,False,35.4,No action needed,RULE_LOW_NO_ACTION,0
20,2026-09-01T15:35:16.923602,0.2582,Medium,New,False,74.85,Proactive support outreach,RULE_MEDIUM_LOW_VALUE_OUTREACH,1
21,2026-09-01T15:35:16.923602,0.8664,High,Established,False,28.5,Plan downgrade offer,RULE_LOW_VALUE_DOWNGRADE,0
22,2026-09-01T15:35:16.924601,0.0466,Low,Loyal,False,20.05,No action needed,RULE_LOW_NO_ACTION,0
23,2026-09-01T15:35:16.924601,0.0054,Low,Established,False,19.8,No action needed,RULE_LOW_NO_ACTION,0
24,2026-09-01T15:35:16.924601,0.0501,Low,Loyal,False,69.15,No action needed,RULE_LOW_NO_ACTION,0
25,2026-09-01T15:35:16.924601,0.0833,Low,Established,False,54.55,No action needed,RULE_LOW_NO_ACTION,0
26,2026-09-01T15:35:16.924601,0.9983,High,Established,False,89.25,Plan downgrade offer,RULE_LOW_VALUE_DOWNGRADE,1
27,2026-09-01T15:35:16.924601,0.9913,High,Established,True,102.25,Personalized discount,RULE_HIGH_VALUE_DISCOUNT,1
28,2026-09-01T15:35:16.924601,0.0129,Low,Loyal,False,25.1,No action needed,RULE_LOW_NO_ACTION,0
29,2026-09-01T15:35:16.925600,0.9996,High,New,False,89.45,Plan downgrade offer,RULE_LOW_VALUE_DOWNGRADE,1
30,2026-09-01T15:35:16.925600,0.0955,Low,Loyal,True,90.05,No action needed,RULE_LOW_NO_ACTION,0
31,2026-09-01T15:35:16.925600,0.0048,Low,New,False,24.2,No action needed,RULE_LOW_NO_ACTION,0
32,2026-09-01T15:35:16.925600,0.0006,Low,Loyal,False,20.55,No action needed,RULE_LOW_NO_ACTION,0
33,2026-09-01T15:35:16.925600,0.0134,Low,Loyal,False,23.4,No action needed,RULE_LOW_NO_ACTION,0
34,2026-09-01T15:35:16.925600,0.9981,High,New,True,90.4,Personalized discount,RULE_HIGH_VALUE_DISCOUNT,1
35,2026-09-01T15:35:16.925600,0.0074,Low,Loyal,True,96.1,No action needed,RULE_LOW_NO_ACTION,0
36,2026-09-01T15:35:16.925600,0.9995,High,New,False,44.95,Plan downgrade offer,RULE_LOW_VALUE_DOWNGRADE,1
37,2026-09-01T15:35:16.925600,0.2472,Medium,Loyal,False,19.9,Proactive support outreach,RULE_MEDIUM_LOW_VALUE_OUTREACH,0
38,2026-09-01T15:35:16.926601,0.9938,High,New,False,74.5,Plan downgrade offer,RULE_LOW_VALUE_DOWNGRADE,1
39,2026-09-01T15:35:16.926601,0.9976,High,Loyal,False,55.25,Plan downgrade offer,RULE_LOW_VALUE_DOWNGRADE,1
40,2026-09-01T15:35:16.926601,0.0033,Low,Loyal,False,20.3,No action needed,RULE_LOW_NO_ACTION,0
41,2026-09-01T15:35:16.926601,0.354,Medium,New,True,91.45,Loyalty reward,RULE_MEDIUM_HIGH_VALUE_REWARD,0
42,2026-09-01T15:35:16.926601,0.0834,Low,Loyal,False,70.4,No action needed,RULE_LOW_NO_ACTION,0
43,2026-09-01T15:35:16.926601,0.2018,Medium,New,False,19.6,Proactive support outreach,RULE_MEDIUM_LOW_VALUE_OUTREACH,0
44,2026-09-01T15:35:16.926601,0.0013,Low,Loyal,False,65.4,No action needed,RULE_LOW_NO_ACTION,0
45,2026-09-01T15:35:16.926601,0.9678,High,Established,True,110.1,Personalized discount,RULE_HIGH_VALUE_DISCOUNT,1
46,2026-09-01T15:35:16.926601,0.1826,Medium,Established,False,75.25,Proactive support outreach,RULE_MEDIUM_LOW_VALUE_OUTREACH,0
47,2026-09-01T15:35:16.926601,0.3837,Medium,Established,False,66.65,Proactive support outreach,RULE_MEDIUM_LOW_VALUE_OUTREACH,0
48,2026-09-01T15:35:16.926601,0.0088,Low,Loyal,False,20.35,No action needed,RULE_LOW_NO_ACTION,0
49,2026-09-01T15:35:16.927602,0.7951,High,Established,False,75.6,Plan downgrade offer,RULE_LOW_VALUE_DOWNGRADE,1
50,2026-09-01T15:35:16.927602,0.0043,Low,Loyal,False,25.1,No action needed,RULE_LOW_NO_ACTION,0
51,2026-09-01T15:35:16.927602,0.9888,High,New,True,102.45,Personalized discount,RULE_HIGH_VALUE_DISCOUNT,1
52,2026-09-01T15:35:16.927602,0.0278,Low,New,False,19.95,No action needed,RULE_LOW_NO_ACTION,0
53,2026-09-01T15:35:16.927602,0.356,Medium,New,False,51.0,Proactive support outreach,RULE_MEDIUM_LOW_VALUE_OUTREACH,0
54,2026-09-01T15:35:16.927602,0.0042,Low,New,False,51.2,No action needed,RULE_LOW_NO_ACTION,0
55,2026-09-01T15:35:16.927602,0.9991,High,Established,False,77.65,Plan downgrade offer,RULE_LOW_VALUE_DOWNGRADE,1
56,2026-09-01T15:35:16.927602,0.0656,Low,Loyal,False,63.7,No action needed,RULE_LOW_NO_ACTION,0
57,2026-09-01T15:35:16.927602,0.0207,Low,Loyal,False,85.5,No action needed,RULE_LOW_NO_ACTION,0
58,2026-09-01T15:35:16.928599,0.0033,Low,Loyal,False,40.9,No action needed,RULE_LOW_NO_ACTION,0
59,2026-09-01T15:35:16.928599,0.001,Low,Loyal,False,20.55,No action needed,RULE_LOW_NO_ACTION,0
60,2026-09-01T15:35:16.928599,0.0105,Low,Loyal,False,74.55,No action needed,RULE_LOW_NO_ACTION,0
61,2026-09-01T15:35:16.928599,0.058,Low,Loyal,False,20.4,No action needed,RULE_LOW_NO_ACTION,1
62,2026-09-01T15:35:16.928599,0.0066,Low,Loyal,True,91.2,No action needed,RULE_LOW_NO_ACTION,0
63,2026-09-01T15:35:16.928599,0.0163,Low,Established,False,50.7,No action needed,RULE_LOW_NO_ACTION,0
64,2026-09-01T15:35:16.928599,0.7173,High,New,False,50.7,Plan downgrade offer,RULE_LOW_VALUE_DOWNGRADE,1
65,2026-09-01T15:35:16.928599,0.9991,High,New,False,54.9,Plan downgrade offer,RULE_LOW_VALUE_DOWNGRADE,1
66,2026-09-01T15:35:16.928599,0.9909,High,New,False,60.4,Plan downgrade offer,RULE_LOW_VALUE_DOWNGRADE,1
67,2026-09-01T15:35:16.928599,0.5371,High,Established,False,49.55,Plan downgrade offer,RULE_LOW_VALUE_DOWNGRADE,1
68,2026-09-01T15:35:16.928599,0.075,Low,Established,False,74.05,No action needed,RULE_LOW_NO_ACTION,1
69,2026-09-01T15:35:16.929599,0.9295,High,New,False,80.05,Plan downgrade offer,RULE_LOW_VALUE_DOWNGRADE,1
70,2026-09-01T15:35:16.929599,0.0057,Low,Loyal,False,25.0,No action needed,RULE_LOW_NO_ACTION,0
71,2026-09-01T15:35:16.929599,0.0005,Low,Loyal,False,20.25,No action needed,RULE_LOW_NO_ACTION,0
72,2026-09-01T15:35:16.929599,0.9986,High,Established,False,76.1,Plan downgrade offer,RULE_LOW_VALUE_DOWNGRADE,1
73,2026-09-01T15:35:16.929599,0.0017,Low,Loyal,False,78.95,No action needed,RULE_LOW_NO_ACTION,0
74,2026-09-01T15:35:16.929599,0.0018,Low,Loyal,False,73.0,No action needed,RULE_LOW_NO_ACTION,0
75,2026-09-01T15:35:16.929599,0.0056,Low,Established,False,19.9,No action needed,RULE_LOW_NO_ACTION,0
76,2026-09-01T15:35:16.929599,0.0113,Low,Loyal,True,111.1,No action needed,RULE_LOW_NO_ACTION,0
77,2026-09-01T15:35:16.929599,0.9972,High,Established,False,74.4,Plan downgrade offer,RULE_LOW_VALUE_DOWNGRADE,1
78,2026-09-01T15:35:16.929599,0.002,Low,New,False,20.45,No action needed,RULE_LOW_NO_ACTION,0
79,2026-09-01T15:35:16.929599,0.0017,Low,Loyal,False,19.65,No action needed,RULE_LOW_NO_ACTION,0
80,2026-09-01T15:35:16.930598,0.0427,Low,Established,False,20.05,No action needed,RULE_LOW_NO_ACTION,0
81,2026-09-01T15:35:16.930598,0.0022,Low,Loyal,False,80.1,No action needed,RULE_LOW_NO_ACTION,0
82,2026-09-01T15:35:16.930598,0.9979,High,Established,True,98.6,Personalized discount,RULE_HIGH_VALUE_DISCOUNT,1
83,2026-09-01T15:35:16.930598,0.999,High,New,False,89.55,Plan downgrade offer,RULE_LOW_VALUE_DOWNGRADE,1
84,2026-09-01T15:35:16.930598,0.0085,Low,New,False,19.7,No action needed,RULE_LOW_NO_ACTION,0
85,2026-09-01T15:35:16.930598,0.4755,Medium,Loyal,True,114.1,Loyalty reward,RULE_MEDIUM_HIGH_VALUE_REWARD,0
86,2026-09-01T15:35:16.930598,0.0667,Low,New,False,73.85,No action needed,RULE_LOW_NO_ACTION,0
87,2026-09-01T15:35:16.930598,0.9988,High,New,False,25.05,Plan downgrade offer,RULE_LOW_VALUE_DOWNGRADE,1
88,2026-09-01T15:35:16.930598,0.5968,High,Established,True,102.8,Personalized discount,RULE_HIGH_VALUE_DISCOUNT,1
89,2026-09-01T15:35:16.930598,0.2786,Medium,Loyal,True,110.8,Loyalty reward,RULE_MEDIUM_HIGH_VALUE_REWARD,0
90,2026-09-01T15:35:16.930598,0.9973,High,Established,False,85.8,Plan downgrade offer,RULE_LOW_VALUE_DOWNGRADE,1
91,2026-09-01T15:35:16.931598,0.7544,High,Established,True,95.9,Personalized discount,RULE_HIGH_VALUE_DISCOUNT,0
92,2026-09-01T15:35:16.931598,0.0005,Low,Loyal,False,20.6,No action needed,RULE_LOW_NO_ACTION,0
93,2026-09-01T15:35:16.931598,0.9979,High,Established,False,74.95,Plan downgrade offer,RULE_LOW_VALUE_DOWNGRADE,1
94,2026-09-01T15:35:16.931598,0.999,High,New,False,45.95,Plan downgrade offer,RULE_LOW_VALUE_DOWNGRADE,1
95,2026-09-01T15:35:16.931598,0.0028,Low,Loyal,False,38.25,No action needed,RULE_LOW_NO_ACTION,0
96,2026-09-01T15:35:16.931598,0.0953,Low,New,False,69.95,No action needed,RULE_LOW_NO_ACTION,0
97,2026-09-01T15:35:16.931598,0.0098,Low,Loyal,False,20.0,No action needed,RULE_LOW_NO_ACTION,0
98,2026-09-01T15:35:16.931598,0.998,High,New,False,25.2,Plan downgrade offer,RULE_LOW_VALUE_DOWNGRADE,1
99,2026-09-01T15:35:16.931598,0.0213,Low,New,False,20.1,No action needed,RULE_LOW_NO_ACTION,0
100,2026-09-01T15:35:16.931598,0.8476,High,Established,True,104.85,Personalized discount,RULE_HIGH_VALUE_DISCOUNT,1
101,2026-09-01T15:35:16.932600,0.9968,High,Established,False,70.0,Plan downgrade offer,RULE_LOW_VALUE_DOWNGRADE,1
102,2026-09-01T15:35:16.932600,0.0894,Low,Established,False,78.3,No action needed,RULE_LOW_NO_ACTION,0
103,2026-09-01T15:35:16.933603,0.9937,High,Loyal,True,109.8,Proactive support outreach,RULE_HIGH_VALUE_LOYAL_OUTREACH,1
104,2026-09-01T15:35:16.933603,0.9961,High,Established,False,57.45,Plan downgrade offer,RULE_LOW_VALUE_DOWNGRADE,1
105,2026-09-01T15:35:16.933603,0.0011,Low,Loyal,False,19.7,No action needed,RULE_LOW_NO_ACTION,0
106,2026-09-01T15:35:16.933603,0.0042,Low,Loyal,True,110.5,No action needed,RULE_LOW_NO_ACTION,0
107,2026-09-01T15:35:16.933603,0.0998,Low,Loyal,False,64.3,No action needed,RULE_LOW_NO_ACTION,0
108,2026-09-01T15:35:16.933603,0.1082,Medium,Loyal,True,105.25,Loyalty reward,RULE_MEDIUM_HIGH_VALUE_REWARD,0
109,2026-09-01T15:35:16.933603,0.001,Low,Loyal,False,19.6,No action needed,RULE_LOW_NO_ACTION,0
110,2026-09-01T15:35:16.934620,0.0067,Low,Loyal,False,24.5,No action needed,RULE_LOW_NO_ACTION,0
111,2026-09-01T15:35:16.934620,0.0138,Low,New,True,90.7,No action needed,RULE_LOW_NO_ACTION,0
112,2026-09-01T15:35:16.934620,0.0057,Low,Established,False,48.8,No action needed,RULE_LOW_NO_ACTION,0
113,2026-09-01T15:35:16.934620,0.1154,Medium,New,False,24.9,Proactive support outreach,RULE_MEDIUM_LOW_VALUE_OUTREACH,0
114,2026-09-01T15:35:16.934620,0.124,Medium,New,False,24.8,Proactive support outreach,RULE_MEDIUM_LOW_VALUE_OUTREACH,1
115,2026-09-01T15:35:16.934620,0.0029,Low,Loyal,True,107.4,No action needed,RULE_LOW_NO_ACTION,0
116,2026-09-01T15:35:16.935633,0.9993,High,New,False,43.3,Plan downgrade offer,RULE_LOW_VALUE_DOWNGRADE,1
117,2026-09-01T15:35:16.935633,0.0458,Low,Established,False,80.0,No action needed,RULE_LOW_NO_ACTION,0
118,2026-09-01T15:35:16.935633,0.002,Low,Loyal,True,104.1,No action needed,RULE_LOW_NO_ACTION,0
119,2026-09-01T15:35:16.935633,0.0004,Low,Loyal,False,20.75,No action needed,RULE_LOW_NO_ACTION,0
120,2026-09-01T15:35:16.935633,0.1708,Medium,Loyal,True,95.5,Loyalty reward,RULE_MEDIUM_HIGH_VALUE_REWARD,0
121,2026-09-01T15:35:16.935633,0.9992,High,New,False,76.35,Plan downgrade offer,RULE_LOW_VALUE_DOWNGRADE,1
122,2026-09-01T15:35:16.935633,0.0009,Low,Loyal,True,91.3,No action needed,RULE_LOW_NO_ACTION,0
123,2026-09-01T15:35:16.936631,0.0265,Low,Loyal,False,45.05,No action needed,RULE_LOW_NO_ACTION,0
124,2026-09-01T15:35:16.936631,0.9392,High,New,False,70.6,Plan downgrade offer,RULE_LOW_VALUE_DOWNGRADE,1
125,2026-09-01T15:35:16.936631,0.0014,Low,Loyal,False,80.8,No action needed,RULE_LOW_NO_ACTION,0
126,2026-09-01T15:35:16.936631,0.5395,High,Loyal,False,89.15,Plan downgrade offer,RULE_LOW_VALUE_DOWNGRADE,1
127,2026-09-01T15:35:16.936631,0.0164,Low,Loyal,True,91.2,No action needed,RULE_LOW_NO_ACTION,0
128,2026-09-01T15:35:16.936631,0.9995,High,Loyal,True,91.25,Proactive support outreach,RULE_HIGH_VALUE_LOYAL_OUTREACH,1
129,2026-09-01T15:35:16.936631,0.0071,Low,Established,False,19.75,No action needed,RULE_LOW_NO_ACTION,0
130,2026-09-01T15:35:16.937632,0.996,High,New,False,20.4,Plan downgrade offer,RULE_LOW_VALUE_DOWNGRADE,1
131,2026-09-01T15:35:16.937632,0.6224,High,Established,False,40.65,Plan downgrade offer,RULE_LOW_VALUE_DOWNGRADE,1
132,2026-09-01T15:35:16.937632,0.0051,Low,Loyal,True,110.35,No action needed,RULE_LOW_NO_ACTION,0
133,2026-09-01T15:35:16.937632,0.0266,Low,Established,False,64.9,No action needed,RULE_LOW_NO_ACTION,0
134,2026-09-01T15:35:16.937632,0.0049,Low,Loyal,False,66.15,No action needed,RULE_LOW_NO_ACTION,0
135,2026-09-01T15:35:16.938632,0.0028,Low,Loyal,False,55.65,No action needed,RULE_LOW_NO_ACTION,0
136,2026-09-01T15:35:16.938632,0.0097,Low,Established,False,20.85,No action needed,RULE_LOW_NO_ACTION,0
137,2026-09-01T15:35:16.938632,0.0076,Low,Loyal,False,54.65,No action needed,RULE_LOW_NO_ACTION,0
138,2026-09-01T15:35:16.939632,0.0007,Low,Loyal,False,80.6,No action needed,RULE_LOW_NO_ACTION,0
139,2026-09-01T15:35:16.939632,0.9969,High,Loyal,True,99.45,Proactive support outreach,RULE_HIGH_VALUE_LOYAL_OUTREACH,1
140,2026-09-01T15:35:16.939632,0.0453,Low,Loyal,True,114.7,No action needed,RULE_LOW_NO_ACTION,0
141,2026-09-01T15:35:16.939632,0.0329,Low,Loyal,True,105.4,No action needed,RULE_LOW_NO_ACTION,0
142,2026-09-01T15:35:16.939632,0.1991,Medium,New,False,75.05,Proactive support outreach,RULE_MEDIUM_LOW_VALUE_OUTREACH,0
143,2026-09-01T15:35:16.941120,0.0096,Low,Loyal,False,49.4,No action needed,RULE_LOW_NO_ACTION,0
144,2026-09-01T15:35:16.941120,0.0354,Low,Loyal,False,18.25,No action needed,RULE_LOW_NO_ACTION,0
145,2026-09-01T15:35:16.941120,0.0089,Low,Loyal,True,111.05,No action needed,RULE_LOW_NO_ACTION,0
146,2026-09-01T15:35:16.941120,0.0009,Low,Loyal,False,19.6,No action needed,RULE_LOW_NO_ACTION,0
147,2026-09-01T15:35:16.941120,0.9415,High,Loyal,True,96.75,Proactive support outreach,RULE_HIGH_VALUE_LOYAL_OUTREACH,1
148,2026-09-01T15:35:16.942134,0.0827,Low,Established,False,69.7,No action needed,RULE_LOW_NO_ACTION,0
149,2026-09-01T15:35:16.942134,0.046,Low,Established,False,87.9,No action needed,RULE_LOW_NO_ACTION,0
150,2026-09-01T15:35:16.942134,0.304,Medium,Loyal,False,40.4,Proactive support outreach,RULE_MEDIUM_LOW_VALUE_OUTREACH,0
151,2026-09-01T15:35:16.942134,0.0583,Low,Established,False,78.15,No action needed,RULE_LOW_NO_ACTION,0
152,2026-09-01T15:35:16.942134,0.0175,Low,Loyal,True,99.4,No action needed,RULE_LOW_NO_ACTION,0
153,2026-09-01T15:35:16.942134,0.0139,Low,Established,False,55.3,No action needed,RULE_LOW_NO_ACTION,0
154,2026-09-01T15:35:16.942134,0.9823,High,New,False,77.0,Plan downgrade offer,RULE_LOW_VALUE_DOWNGRADE,1
155,2026-09-01T15:35:16.943135,0.0409,Low,Established,False,26.05,No action needed,RULE_LOW_NO_ACTION,0
156,2026-09-01T15:35:16.943135,0.1423,Medium,New,False,78.75,Proactive support outreach,RULE_MEDIUM_LOW_VALUE_OUTREACH,0
157,2026-09-01T15:35:16.943135,0.998,High,New,False,29.95,Plan downgrade offer,RULE_LOW_VALUE_DOWNGRADE,1
158,2026-09-01T15:35:16.943135,0.9993,High,New,False,45.4,Plan downgrade offer,RULE_LOW_VALUE_DOWNGRADE,1
159,2026-09-01T15:35:16.943135,0.9001,High,Loyal,False,85.25,Plan downgrade offer,RULE_LOW_VALUE_DOWNGRADE,1
160,2026-09-01T15:35:16.943135,0.0023,Low,Loyal,True,104.05,No action needed,RULE_LOW_NO_ACTION,0
161,2026-09-01T15:35:16.944132,0.0191,Low,Loyal,False,74.85,No action needed,RULE_LOW_NO_ACTION,0
162,2026-09-01T15:35:16.944132,0.0016,Low,Loyal,False,19.55,No action needed,RULE_LOW_NO_ACTION,0
163,2026-09-01T15:35:16.944132,0.0139,Low,Loyal,False,20.1,No action needed,RULE_LOW_NO_ACTION,0
164,2026-09-01T15:35:16.944132,0.0678,Low,Loyal,True,95.2,No action needed,RULE_LOW_NO_ACTION,0
165,2026-09-01T15:35:16.944132,0.9988,High,New,False,20.65,Plan downgrade offer,RULE_LOW_VALUE_DOWNGRADE,1
166,2026-09-01T15:35:16.944132,0.0012,Low,Loyal,False,55.0,No action needed,RULE_LOW_NO_ACTION,0
167,2026-09-01T15:35:16.944132,0.9609,High,Loyal,True,106.55,Proactive support outreach,RULE_HIGH_VALUE_LOYAL_OUTREACH,1
168,2026-09-01T15:35:16.944132,0.0014,Low,Established,False,19.95,No action needed,RULE_LOW_NO_ACTION,0
169,2026-09-01T15:35:16.945129,0.0275,Low,Loyal,False,76.15,No action needed,RULE_LOW_NO_ACTION,0
170,2026-09-01T15:35:16.945129,0.0067,Low,Established,False,69.8,No action needed,RULE_LOW_NO_ACTION,0
171,2026-09-01T15:35:16.945129,0.9996,High,New,False,79.5,Plan downgrade offer,RULE_LOW_VALUE_DOWNGRADE,1
172,2026-09-01T15:35:16.945129,0.0403,Low,Loyal,False,69.4,No action needed,RULE_LOW_NO_ACTION,0
173,2026-09-01T15:35:16.945129,0.9993,High,New,False,19.4,Plan downgrade offer,RULE_LOW_VALUE_DOWNGRADE,1
174,2026-09-01T15:35:16.945129,0.0076,Low,Established,True,96.55,No action needed,RULE_LOW_NO_ACTION,0
175,2026-09-01T15:35:16.945129,0.0131,Low,Established,False,70.2,No action needed,RULE_LOW_NO_ACTION,0
176,2026-09-01T15:35:16.945129,0.0006,Low,Loyal,False,25.3,No action needed,RULE_LOW_NO_ACTION,0
177,2026-09-01T15:35:16.946129,0.0004,Low,Loyal,False,25.0,No action needed,RULE_LOW_NO_ACTION,0
178,2026-09-01T15:35:16.946129,0.3336,Medium,Loyal,False,88.4,Proactive support outreach,RULE_MEDIUM_LOW_VALUE_OUTREACH,0
179,2026-09-01T15:35:16.946129,0.3324,Medium,Loyal,False,50.15,Proactive support outreach,RULE_MEDIUM_LOW_VALUE_OUTREACH,0
180,2026-09-01T15:35:16.946129,0.9993,High,New,False,69.95,Plan downgrade offer,RULE_LOW_VALUE_DOWNGRADE,1
181,2026-09-01T15:35:16.946129,0.0012,Low,Loyal,False,29.9,No action needed,RULE_LOW_NO_ACTION,0
182,2026-09-01T15:35:16.946129,0.7669,High,New,False,74.9,Plan downgrade offer,RULE_LOW_VALUE_DOWNGRADE,1
183,2026-09-01T15:35:16.946129,0.8837,High,New,False,50.05,Plan downgrade offer,RULE_LOW_VALUE_DOWNGRADE,1
184,2026-09-01T15:35:16.947131,0.0006,Low,Loyal,False,19.95,No action needed,RULE_LOW_NO_ACTION,0
185,2026-09-01T15:35:16.947131,0.0082,Low,Loyal,False,89.4,No action needed,RULE_LOW_NO_ACTION,0
186,2026-09-01T15:35:16.947131,0.0022,Low,Loyal,False,67.45,No action needed,RULE_LOW_NO_ACTION,0
187,2026-09-01T15:35:16.947131,0.9993,High,New,False,49.9,Plan downgrade offer,RULE_LOW_VALUE_DOWNGRADE,1
188,2026-09-01T15:35:16.947131,0.1843,Medium,Established,False,65.35,Proactive support outreach,RULE_MEDIUM_LOW_VALUE_OUTREACH,0
189,2026-09-01T15:35:16.947131,0.0402,Low,Loyal,False,81.0,No action needed,RULE_LOW_NO_ACTION,0
190,2026-09-01T15:35:16.947131,0.0426,Low,Loyal,False,89.8,No action needed,RULE_LOW_NO_ACTION,0
191,2026-09-01T15:35:16.947131,0.0054,Low,New,False,49.95,No action needed,RULE_LOW_NO_ACTION,0
192,2026-09-01T15:35:16.947131,0.0188,Low,Established,False,79.85,No action needed,RULE_LOW_NO_ACTION,1
193,2026-09-01T15:35:16.947131,0.0076,Low,Established,False,19.75,No action needed,RULE_LOW_NO_ACTION,0
194,2026-09-01T15:35:16.948130,0.1067,Medium,Loyal,True,105.35,Loyalty reward,RULE_MEDIUM_HIGH_VALUE_REWARD,0
195,2026-09-01T15:35:16.948130,0.0374,Low,Loyal,False,83.85,No action needed,RULE_LOW_NO_ACTION,0
196,2026-09-01T15:35:16.948130,0.0257,Low,Loyal,False,44.3,No action needed,RULE_LOW_NO_ACTION,0
197,2026-09-01T15:35:16.948130,0.2576,Medium,Established,True,91.0,Loyalty reward,RULE_MEDIUM_HIGH_VALUE_REWARD,0
198,2026-09-01T15:35:16.948130,0.0135,Low,Loyal,True,99.0,No action needed,RULE_LOW_NO_ACTION,0
199,2026-09-01T15:35:16.948130,0.0088,Low,Established,False,80.55,No action needed,RULE_LOW_NO_ACTION,0
200,2026-09-01T15:35:16.948130,0.0027,Low,Established,False,60.6,No action needed,RULE_LOW_NO_ACTION,0
201,2026-09-01T15:35:16.948130,0.0034,Low,Established,False,19.7,No action needed,RULE_LOW_NO_ACTION,0
202,2026-09-01T15:35:16.948130,0.0025,Low,Established,False,20.25,No action needed,RULE_LOW_NO_ACTION,0
203,2026-09-01T15:35:16.948130,0.216,Medium,Loyal,False,24.25,Proactive support outreach,RULE_MEDIUM_LOW_VALUE_OUTREACH,0
204,2026-09-01T15:35:16.949128,0.0045,Low,New,False,19.4,No action needed,RULE_LOW_NO_ACTION,0
205,2026-09-01T15:35:16.949128,0.004,Low,Loyal,True,93.15,No action needed,RULE_LOW_NO_ACTION,0
206,2026-09-01T15:35:16.949128,0.0019,Low,Loyal,False,49.75,No action needed,RULE_LOW_NO_ACTION,0
207,2026-09-01T15:35:16.949128,0.0337,Low,New,False,19.65,No action needed,RULE_LOW_NO_ACTION,0
208,2026-09-01T15:35:16.949128,0.1186,Medium,New,False,19.4,Proactive support outreach,RULE_MEDIUM_LOW_VALUE_OUTREACH,0
209,2026-09-01T15:35:16.949128,0.0822,Low,Loyal,False,19.8,No action needed,RULE_LOW_NO_ACTION,0
210,2026-09-01T15:35:16.949128,0.5675,High,Loyal,True,99.9,Proactive support outreach,RULE_HIGH_VALUE_LOYAL_OUTREACH,1
211,2026-09-01T15:35:16.949128,0.0036,Low,New,False,49.95,No action needed,RULE_LOW_NO_ACTION,0
212,2026-09-01T15:35:16.949128,0.9688,High,Loyal,False,89.05,Plan downgrade offer,RULE_LOW_VALUE_DOWNGRADE,1
213,2026-09-01T15:35:16.949128,0.0143,Low,Established,False,19.95,No action needed,RULE_LOW_NO_ACTION,0
214,2026-09-01T15:35:16.949128,0.4155,Medium,Loyal,False,56.15,Proactive support outreach,RULE_MEDIUM_LOW_VALUE_OUTREACH,0
215,2026-09-01T15:35:16.950127,0.0034,Low,Established,False,34.65,No action needed,RULE_LOW_NO_ACTION,0
216,2026-09-01T15:35:16.950127,0.01,Low,Loyal,False,64.95,No action needed,RULE_LOW_NO_ACTION,0
217,2026-09-01T15:35:16.950127,0.1303,Medium,Loyal,True,94.2,Loyalty reward,RULE_MEDIUM_HIGH_VALUE_REWARD,0
218,2026-09-01T15:35:16.950127,0.9972,High,Loyal,False,78.9,Plan downgrade offer,RULE_LOW_VALUE_DOWNGRADE,1
219,2026-09-01T15:35:16.950127,0.9581,High,Loyal,False,65.25,Plan downgrade offer,RULE_LOW_VALUE_DOWNGRADE,1
220,2026-09-01T15:35:16.950127,0.0424,Low,Loyal,True,95.8,No action needed,RULE_LOW_NO_ACTION,0
221,2026-09-01T15:35:16.950127,0.0404,Low,Loyal,False,64.85,No action needed,RULE_LOW_NO_ACTION,0
222,2026-09-01T15:35:16.950127,0.0349,Low,Established,False,49.8,No action needed,RULE_LOW_NO_ACTION,0
223,2026-09-01T15:35:16.950127,0.0091,Low,Loyal,False,20.9,No action needed,RULE_LOW_NO_ACTION,0
224,2026-09-01T15:35:16.951133,0.3491,Medium,Established,True,94.55,Loyalty reward,RULE_MEDIUM_HIGH_VALUE_REWARD,0
225,2026-09-01T15:35:16.951133,0.0044,Low,Loyal,True,98.45,No action needed,RULE_LOW_NO_ACTION,0
226,2026-09-01T15:35:16.951133,0.0006,Low,Loyal,False,19.6,No action needed,RULE_LOW_NO_ACTION,0
227,2026-09-01T15:35:16.951133,0.0015,Low,Established,False,20.45,No action needed,RULE_LOW_NO_ACTION,0
228,2026-09-01T15:35:16.951133,0.9871,High,Established,True,104.25,Personalized discount,RULE_HIGH_VALUE_DISCOUNT,1
229,2026-09-01T15:35:16.951133,0.7038,High,Established,False,89.15,Plan downgrade offer,RULE_LOW_VALUE_DOWNGRADE,0
230,2026-09-01T15:35:16.952131,0.0028,Low,Loyal,True,111.15,No action needed,RULE_LOW_NO_ACTION,0
231,2026-09-01T15:35:16.952131,0.9576,High,Established,True,90.2,Personalized discount,RULE_HIGH_VALUE_DISCOUNT,1
232,2026-09-01T15:35:16.952131,0.8622,High,Loyal,True,91.25,Proactive support outreach,RULE_HIGH_VALUE_LOYAL_OUTREACH,0
233,2026-09-01T15:35:16.952131,0.0111,Low,Loyal,False,81.8,No action needed,RULE_LOW_NO_ACTION,0
234,2026-09-01T15:35:16.953132,0.9988,High,New,False,74.5,Plan downgrade offer,RULE_LOW_VALUE_DOWNGRADE,1
235,2026-09-01T15:35:16.953132,0.9992,High,New,False,76.05,Plan downgrade offer,RULE_LOW_VALUE_DOWNGRADE,1
236,2026-09-01T15:35:16.953132,0.9871,High,Loyal,True,111.1,Proactive support outreach,RULE_HIGH_VALUE_LOYAL_OUTREACH,1
237,2026-09-01T15:35:16.953132,0.1474,Medium,Established,False,68.55,Proactive support outreach,RULE_MEDIUM_LOW_VALUE_OUTREACH,0
238,2026-09-01T15:35:16.953132,0.0077,Low,Loyal,False,45.0,No action needed,RULE_LOW_NO_ACTION,0
239,2026-09-01T15:35:16.953132,0.0085,Low,Loyal,True,100.85,No action needed,RULE_LOW_NO_ACTION,0
240,2026-09-01T15:35:16.953132,0.9994,High,New,False,30.4,Plan downgrade offer,RULE_LOW_VALUE_DOWNGRADE,1
241,2026-09-01T15:35:16.954130,0.9916,High,Loyal,True,95.9,Proactive support outreach,RULE_HIGH_VALUE_LOYAL_OUTREACH,1
242,2026-09-01T15:35:16.954130,0.0025,Low,Loyal,True,89.95,No action needed,RULE_LOW_NO_ACTION,0
243,2026-09-01T15:35:16.954130,0.002,Low,Loyal,True,105.15,No action needed,RULE_LOW_NO_ACTION,0
244,2026-09-01T15:35:16.954130,0.9969,High,New,False,59.2,Plan downgrade offer,RULE_LOW_VALUE_DOWNGRADE,1
245,2026-09-01T15:35:16.954130,0.9903,High,Established,True,98.15,Personalized discount,RULE_HIGH_VALUE_DISCOUNT,1
246,2026-09-01T15:35:16.954130,0.9944,High,New,False,84.5,Plan downgrade offer,RULE_LOW_VALUE_DOWNGRADE,1
247,2026-09-01T15:35:16.954130,0.0015,Low,Established,False,20.85,No action needed,RULE_LOW_NO_ACTION,0
248,2026-09-01T15:35:16.954130,0.0018,Low,Established,False,26.1,No action needed,RULE_LOW_NO_ACTION,0
249,2026-09-01T15:35:16.954130,0.904,High,Loyal,False,74.0,Plan downgrade offer,RULE_LOW_VALUE_DOWNGRADE,0
250,2026-09-01T15:35:16.954130,0.003,Low,Loyal,False,20.55,No action needed,RULE_LOW_NO_ACTION,0
251,2026-09-01T15:35:16.955129,0.2077,Medium,Established,False,18.85,Proactive support outreach,RULE_MEDIUM_LOW_VALUE_OUTREACH,0
252,2026-09-01T15:35:16.955129,0.0099,Low,Established,False,20.85,No action needed,RULE_LOW_NO_ACTION,0
253,2026-09-01T15:35:16.955129,0.2058,Medium,Loyal,False,84.1,Proactive support outreach,RULE_MEDIUM_LOW_VALUE_OUTREACH,0
254,2026-09-01T15:35:16.955129,0.9957,High,New,False,46.0,Plan downgrade offer,RULE_LOW_VALUE_DOWNGRADE,1
255,2026-09-01T15:35:16.955129,0.0047,Low,Established,False,19.55,No action needed,RULE_LOW_NO_ACTION,0
256,2026-09-01T15:35:16.955129,0.0061,Low,Established,False,20.2,No action needed,RULE_LOW_NO_ACTION,0
257,2026-09-01T15:35:16.955129,0.0508,Low,Established,False,88.8,No action needed,RULE_LOW_NO_ACTION,0
258,2026-09-01T15:35:16.955129,0.8658,High,Loyal,True,100.55,Proactive support outreach,RULE_HIGH_VALUE_LOYAL_OUTREACH,0
259,2026-09-01T15:35:16.955129,0.0096,Low,Loyal,True,101.4,No action needed,RULE_LOW_NO_ACTION,0
260,2026-09-01T15:35:16.955129,0.0078,Low,New,False,55.3,No action needed,RULE_LOW_NO_ACTION,0
261,2026-09-01T15:35:16.955129,0.0185,Low,Loyal,True,113.75,No action needed,RULE_LOW_NO_ACTION,0
262,2026-09-01T15:35:16.956128,0.0017,Low,Loyal,False,25.4,No action needed,RULE_LOW_NO_ACTION,0
263,2026-09-01T15:35:16.956128,0.0018,Low,Established,False,20.0,No action needed,RULE_LOW_NO_ACTION,0
264,2026-09-01T15:35:16.956128,0.2731,Medium,New,False,73.5,Proactive support outreach,RULE_MEDIUM_LOW_VALUE_OUTREACH,1
265,2026-09-01T15:35:16.956128,0.9983,High,Loyal,False,51.2,Plan downgrade offer,RULE_LOW_VALUE_DOWNGRADE,1
266,2026-09-01T15:35:16.956128,0.9986,High,New,False,74.4,Plan downgrade offer,RULE_LOW_VALUE_DOWNGRADE,1
267,2026-09-01T15:35:16.956128,0.0021,Low,Loyal,False,65.85,No action needed,RULE_LOW_NO_ACTION,0
268,2026-09-01T15:35:16.956128,0.0054,Low,Loyal,True,111.5,No action needed,RULE_LOW_NO_ACTION,0
269,2026-09-01T15:35:16.956128,0.0169,Low,New,False,48.6,No action needed,RULE_LOW_NO_ACTION,0
270,2026-09-01T15:35:16.956128,0.0282,Low,New,False,29.9,No action needed,RULE_LOW_NO_ACTION,0
271,2026-09-01T15:35:16.956128,0.0012,Low,Loyal,False,24.85,No action needed,RULE_LOW_NO_ACTION,0
272,2026-09-01T15:35:16.957128,0.4182,Medium,New,False,49.2,Proactive support outreach,RULE_MEDIUM_LOW_VALUE_OUTREACH,0
273,2026-09-01T15:35:16.957128,0.0023,Low,New,False,25.85,No action needed,RULE_LOW_NO_ACTION,0
274,2026-09-01T15:35:16.957128,0.0029,Low,Loyal,True,115.5,No action needed,RULE_LOW_NO_ACTION,0
275,2026-09-01T15:35:16.957128,0.1474,Medium,New,False,85.95,Proactive support outreach,RULE_MEDIUM_LOW_VALUE_OUTREACH,0
276,2026-09-01T15:35:16.957128,0.9996,High,New,False,85.55,Plan downgrade offer,RULE_LOW_VALUE_DOWNGRADE,1
277,2026-09-01T15:35:16.957128,0.0063,Low,Established,True,89.95,No action needed,RULE_LOW_NO_ACTION,0
278,2026-09-01T15:35:16.957128,0.9995,High,New,False,88.35,Plan downgrade offer,RULE_LOW_VALUE_DOWNGRADE,1
279,2026-09-01T15:35:16.957128,0.0013,Low,Established,False,20.05,No action needed,RULE_LOW_NO_ACTION,0
280,2026-09-01T15:35:16.957128,0.0238,Low,Established,False,24.95,No action needed,RULE_LOW_NO_ACTION,0
281,2026-09-01T15:35:16.957128,0.0046,Low,Established,False,20.1,No action needed,RULE_LOW_NO_ACTION,0
282,2026-09-01T15:35:16.957128,0.1451,Medium,New,False,49.9,Proactive support outreach,RULE_MEDIUM_LOW_VALUE_OUTREACH,0
283,2026-09-01T15:35:16.958127,0.0566,Low,Established,False,19.65,No action needed,RULE_LOW_NO_ACTION,0
284,2026-09-01T15:35:16.958127,0.1585,Medium,Established,False,79.55,Proactive support outreach,RULE_MEDIUM_LOW_VALUE_OUTREACH,0
285,2026-09-01T15:35:16.958127,0.7544,High,Established,True,106.7,Personalized discount,RULE_HIGH_VALUE_DISCOUNT,1
286,2026-09-01T15:35:16.958127,0.9953,High,Established,False,55.7,Plan downgrade offer,RULE_LOW_VALUE_DOWNGRADE,1
287,2026-09-01T15:35:16.958127,0.0437,Low,Loyal,True,99.0,No action needed,RULE_LOW_NO_ACTION,0
288,2026-09-01T15:35:16.958127,0.9991,High,Loyal,False,85.0,Plan downgrade offer,RULE_LOW_VALUE_DOWNGRADE,1
289,2026-09-01T15:35:16.958127,0.0006,Low,Loyal,False,20.15,No action needed,RULE_LOW_NO_ACTION,0
290,2026-09-01T15:35:16.958127,0.7981,High,New,False,19.9,Plan downgrade offer,RULE_LOW_VALUE_DOWNGRADE,0
291,2026-09-01T15:35:16.958127,0.0746,Low,Loyal,False,70.45,No action needed,RULE_LOW_NO_ACTION,0
292,2026-09-01T15:35:16.958127,0.022,Low,Loyal,True,116.8,No action needed,RULE_LOW_NO_ACTION,0
293,2026-09-01T15:35:16.958127,0.0055,Low,Loyal,False,66.3,No action needed,RULE_LOW_NO_ACTION,0
294,2026-09-01T15:35:16.959127,0.022,Low,New,False,20.55,No action needed,RULE_LOW_NO_ACTION,0
295,2026-09-01T15:35:16.959127,0.0036,Low,Loyal,True,90.45,No action needed,RULE_LOW_NO_ACTION,0
296,2026-09-01T15:35:16.959127,0.0055,Low,Loyal,True,94.3,No action needed,RULE_LOW_NO_ACTION,0
297,2026-09-01T15:35:16.959127,0.7558,High,Established,False,19.0,Plan downgrade offer,RULE_LOW_VALUE_DOWNGRADE,1
298,2026-09-01T15:35:16.959127,0.0053,Low,Loyal,False,24.6,No action needed,RULE_LOW_NO_ACTION,0
299,2026-09-01T15:35:16.959127,0.2508,Medium,Established,False,45.9,Proactive support outreach,RULE_MEDIUM_LOW_VALUE_OUTREACH,0
300,2026-09-01T15:35:16.959127,0.0009,Low,Loyal,False,25.1,No action needed,RULE_LOW_NO_ACTION,0
301,2026-09-01T15:35:16.959127,0.1345,Medium,Loyal,True,108.15,Loyalty reward,RULE_MEDIUM_HIGH_VALUE_REWARD,1
302,2026-09-01T15:35:16.959127,0.6685,High,New,False,74.1,Plan downgrade offer,RULE_LOW_VALUE_DOWNGRADE,0
303,2026-09-01T15:35:16.959127,0.008,Low,Loyal,False,70.8,No action needed,RULE_LOW_NO_ACTION,0
304,2026-09-01T15:35:16.959127,0.9971,High,Established,True,95.15,Personalized discount,RULE_HIGH_VALUE_DISCOUNT,1
305,2026-09-01T15:35:16.960128,0.0042,Low,Established,False,61.55,No action needed,RULE_LOW_NO_ACTION,0
306,2026-09-01T15:35:16.960128,0.3325,Medium,Loyal,False,73.05,Proactive support outreach,RULE_MEDIUM_LOW_VALUE_OUTREACH,0
307,2026-09-01T15:35:16.960128,0.06,Low,Established,False,69.45,No action needed,RULE_LOW_NO_ACTION,0
308,2026-09-01T15:35:16.960128,0.0478,Low,New,False,20.05,No action needed,RULE_LOW_NO_ACTION,0
309,2026-09-01T15:35:16.960128,0.0093,Low,Established,False,19.95,No action needed,RULE_LOW_NO_ACTION,0
310,2026-09-01T15:35:16.960128,0.9798,High,New,True,90.4,Personalized discount,RULE_HIGH_VALUE_DISCOUNT,0
311,2026-09-01T15:35:16.960128,0.7891,High,New,False,74.55,Plan downgrade offer,RULE_LOW_VALUE_DOWNGRADE,0
312,2026-09-01T15:35:16.960128,0.0071,Low,Loyal,False,53.5,No action needed,RULE_LOW_NO_ACTION,0
313,2026-09-01T15:35:16.960128,0.0074,Low,Loyal,False,63.7,No action needed,RULE_LOW_NO_ACTION,0
314,2026-09-01T15:35:16.960128,0.0015,Low,Loyal,False,75.0,No action needed,RULE_LOW_NO_ACTION,0
315,2026-09-01T15:35:16.960128,0.0014,Low,Loyal,False,25.05,No action needed,RULE_LOW_NO_ACTION,0
316,2026-09-01T15:35:16.960128,0.0039,Low,Loyal,True,99.35,No action needed,RULE_LOW_NO_ACTION,0
317,2026-09-01T15:35:16.961127,0.0142,Low,Established,False,44.45,No action needed,RULE_LOW_NO_ACTION,0
318,2026-09-01T15:35:16.961127,0.8082,High,New,False,21.0,Plan downgrade offer,RULE_LOW_VALUE_DOWNGRADE,1
319,2026-09-01T15:35:16.961127,0.9995,High,New,False,76.65,Plan downgrade offer,RULE_LOW_VALUE_DOWNGRADE,1
320,2026-09-01T15:35:16.961127,0.0128,Low,Loyal,True,96.35,No action needed,RULE_LOW_NO_ACTION,0
321,2026-09-01T15:35:16.961127,0.1633,Medium,New,False,70.35,Proactive support outreach,RULE_MEDIUM_LOW_VALUE_OUTREACH,0
322,2026-09-01T15:35:16.961127,0.966,High,New,False,50.45,Plan downgrade offer,RULE_LOW_VALUE_DOWNGRADE,1
323,2026-09-01T15:35:16.961127,0.0013,Low,Established,False,20.3,No action needed,RULE_LOW_NO_ACTION,0
324,2026-09-01T15:35:16.961127,0.0164,Low,Loyal,False,69.5,No action needed,RULE_LOW_NO_ACTION,0
325,2026-09-01T15:35:16.962128,0.0021,Low,Loyal,False,80.55,No action needed,RULE_LOW_NO_ACTION,0
326,2026-09-01T15:35:16.962128,0.971,High,Loyal,True,108.75,Proactive support outreach,RULE_HIGH_VALUE_LOYAL_OUTREACH,1
327,2026-09-01T15:35:16.962128,0.0611,Low,Established,False,88.75,No action needed,RULE_LOW_NO_ACTION,0
328,2026-09-01T15:35:16.962128,0.0548,Low,Loyal,False,81.2,No action needed,RULE_LOW_NO_ACTION,0
329,2026-09-01T15:35:16.962128,0.0009,Low,Loyal,False,79.6,No action needed,RULE_LOW_NO_ACTION,0
330,2026-09-01T15:35:16.962128,0.0155,Low,New,False,20.45,No action needed,RULE_LOW_NO_ACTION,0
331,2026-09-01T15:35:16.962128,0.9579,High,Loyal,True,100.45,Proactive support outreach,RULE_HIGH_VALUE_LOYAL_OUTREACH,1
332,2026-09-01T15:35:16.962128,0.0374,Low,Loyal,False,89.45,No action needed,RULE_LOW_NO_ACTION,0
333,2026-09-01T15:35:16.963128,0.0012,Low,Established,False,66.25,No action needed,RULE_LOW_NO_ACTION,0
334,2026-09-01T15:35:16.963128,0.0009,Low,Loyal,True,90.8,No action needed,RULE_LOW_NO_ACTION,0
335,2026-09-01T15:35:16.963128,0.018,Low,Loyal,False,71.45,No action needed,RULE_LOW_NO_ACTION,0
336,2026-09-01T15:35:16.963128,0.9945,High,New,False,69.75,Plan downgrade offer,RULE_LOW_VALUE_DOWNGRADE,1
337,2026-09-01T15:35:16.963128,0.0025,Low,Loyal,False,59.65,No action needed,RULE_LOW_NO_ACTION,0
338,2026-09-01T15:35:16.963128,0.0006,Low,Loyal,False,19.75,No action needed,RULE_LOW_NO_ACTION,0
339,2026-09-01T15:35:16.963128,0.0154,Low,Loyal,False,19.85,No action needed,RULE_LOW_NO_ACTION,0
340,2026-09-01T15:35:16.963128,0.0033,Low,Loyal,False,63.8,No action needed,RULE_LOW_NO_ACTION,0
341,2026-09-01T15:35:16.963128,0.9875,High,New,False,69.55,Plan downgrade offer,RULE_LOW_VALUE_DOWNGRADE,1
342,2026-09-01T15:35:16.963128,0.0027,Low,Loyal,False,51.1,No action needed,RULE_LOW_NO_ACTION,0
343,2026-09-01T15:35:16.963128,0.996,High,New,False,62.05,Plan downgrade offer,RULE_LOW_VALUE_DOWNGRADE,1
344,2026-09-01T15:35:16.964128,0.9997,High,New,False,85.0,Plan downgrade offer,RULE_LOW_VALUE_DOWNGRADE,1
345,2026-09-01T15:35:16.964128,0.0535,Low,Loyal,True,98.3,No action needed,RULE_LOW_NO_ACTION,1
346,2026-09-01T15:35:16.964128,0.0012,Low,Loyal,False,19.9,No action needed,RULE_LOW_NO_ACTION,0
347,2026-09-01T15:35:16.964128,0.9729,High,Established,False,76.65,Plan downgrade offer,RULE_LOW_VALUE_DOWNGRADE,1
348,2026-09-01T15:35:16.964128,0.025,Low,Loyal,False,66.4,No action needed,RULE_LOW_NO_ACTION,0
349,2026-09-01T15:35:16.964128,0.9951,High,Established,True,100.45,Personalized discount,RULE_HIGH_VALUE_DISCOUNT,1
350,2026-09-01T15:35:16.964128,0.0015,Low,Established,False,75.9,No action needed,RULE_LOW_NO_ACTION,0
351,2026-09-01T15:35:16.964128,0.9978,High,Loyal,False,85.95,Plan downgrade offer,RULE_LOW_VALUE_DOWNGRADE,1
352,2026-09-01T15:35:16.964128,0.0816,Low,Established,False,60.65,No action needed,RULE_LOW_NO_ACTION,0
353,2026-09-01T15:35:16.964128,0.0034,Low,Established,False,50.85,No action needed,RULE_LOW_NO_ACTION,0
354,2026-09-01T15:35:16.964128,0.0115,Low,Loyal,False,24.45,No action needed,RULE_LOW_NO_ACTION,0
355,2026-09-01T15:35:16.965127,0.0272,Low,Established,False,59.1,No action needed,RULE_LOW_NO_ACTION,0
356,2026-09-01T15:35:16.965127,0.0861,Low,Loyal,True,109.1,No action needed,RULE_LOW_NO_ACTION,0
357,2026-09-01T15:35:16.965127,0.2497,Medium,Loyal,True,101.3,Loyalty reward,RULE_MEDIUM_HIGH_VALUE_REWARD,0
358,2026-09-01T15:35:16.965127,0.0041,Low,Loyal,True,115.85,No action needed,RULE_LOW_NO_ACTION,0
359,2026-09-01T15:35:16.965127,0.9332,High,Established,True,94.9,Personalized discount,RULE_HIGH_VALUE_DISCOUNT,1
360,2026-09-01T15:35:16.965127,0.9993,High,New,False,35.1,Plan downgrade offer,RULE_LOW_VALUE_DOWNGRADE,1
361,2026-09-01T15:35:16.965127,0.0039,Low,Established,False,24.65,No action needed,RULE_LOW_NO_ACTION,0
362,2026-09-01T15:35:16.965127,0.0784,Low,Loyal,False,56.15,No action needed,RULE_LOW_NO_ACTION,0
363,2026-09-01T15:35:16.965127,0.0054,Low,Loyal,True,109.45,No action needed,RULE_LOW_NO_ACTION,0
364,2026-09-01T15:35:16.965127,0.0187,Low,Established,False,55.15,No action needed,RULE_LOW_NO_ACTION,0
365,2026-09-01T15:35:16.965127,0.3809,Medium,Loyal,True,115.65,Loyalty reward,RULE_MEDIUM_HIGH_VALUE_REWARD,1
366,2026-09-01T15:35:16.966128,0.032,Low,Established,False,53.75,No action needed,RULE_LOW_NO_ACTION,0
367,2026-09-01T15:35:16.966128,0.0096,Low,Loyal,False,61.6,No action needed,RULE_LOW_NO_ACTION,0
368,2026-09-01T15:35:16.966128,0.0531,Low,Loyal,False,20.35,No action needed,RULE_LOW_NO_ACTION,0
369,2026-09-01T15:35:16.966128,0.1261,Medium,Established,True,90.6,Loyalty reward,RULE_MEDIUM_HIGH_VALUE_REWARD,0
370,2026-09-01T15:35:16.966128,0.8004,High,Established,False,89.75,Plan downgrade offer,RULE_LOW_VALUE_DOWNGRADE,1
371,2026-09-01T15:35:16.966128,0.4829,Medium,Loyal,True,98.1,Loyalty reward,RULE_MEDIUM_HIGH_VALUE_REWARD,0
372,2026-09-01T15:35:16.966128,0.0182,Low,Loyal,False,74.25,No action needed,RULE_LOW_NO_ACTION,0
373,2026-09-01T15:35:16.966128,0.0035,Low,Loyal,False,55.0,No action needed,RULE_LOW_NO_ACTION,0
374,2026-09-01T15:35:16.966128,0.9866,High,Loyal,True,90.1,Proactive support outreach,RULE_HIGH_VALUE_LOYAL_OUTREACH,1
375,2026-09-01T15:35:16.966128,0.0778,Low,Established,False,64.9,No action needed,RULE_LOW_NO_ACTION,0
376,2026-09-01T15:35:16.966128,0.0019,Low,Loyal,False,56.3,No action needed,RULE_LOW_NO_ACTION,0
377,2026-09-01T15:35:16.967128,0.0083,Low,Established,False,89.05,No action needed,RULE_LOW_NO_ACTION,0
378,2026-09-01T15:35:16.967128,0.9717,High,Loyal,True,112.95,Proactive support outreach,RULE_HIGH_VALUE_LOYAL_OUTREACH,1
379,2026-09-01T15:35:16.967128,0.0015,Low,Established,False,19.45,No action needed,RULE_LOW_NO_ACTION,0
380,2026-09-01T15:35:16.967128,0.0018,Low,Loyal,True,100.7,No action needed,RULE_LOW_NO_ACTION,0
381,2026-09-01T15:35:16.967128,0.0021,Low,New,False,20.05,No action needed,RULE_LOW_NO_ACTION,0
382,2026-09-01T15:35:16.967128,0.0044,Low,Established,False,19.35,No action needed,RULE_LOW_NO_ACTION,0
383,2026-09-01T15:35:16.968129,0.3231,Medium,New,False,87.95,Proactive support outreach,RULE_MEDIUM_LOW_VALUE_OUTREACH,0
384,2026-09-01T15:35:16.968129,0.9897,High,Established,False,59.5,Plan downgrade offer,RULE_LOW_VALUE_DOWNGRADE,1
385,2026-09-01T15:35:16.968129,0.0061,Low,Established,False,55.3,No action needed,RULE_LOW_NO_ACTION,0
386,2026-09-01T15:35:16.968129,0.9571,High,New,False,49.25,Plan downgrade offer,RULE_LOW_VALUE_DOWNGRADE,1
387,2026-09-01T15:35:16.968129,0.9517,High,Established,False,80.8,Plan downgrade offer,RULE_LOW_VALUE_DOWNGRADE,1
388,2026-09-01T15:35:16.968129,0.1449,Medium,Loyal,False,20.45,Proactive support outreach,RULE_MEDIUM_LOW_VALUE_OUTREACH,0
389,2026-09-01T15:35:16.968129,0.9964,High,Established,True,99.1,Personalized discount,RULE_HIGH_VALUE_DISCOUNT,1
390,2026-09-01T15:35:16.968129,0.001,Low,Loyal,False,19.55,No action needed,RULE_LOW_NO_ACTION,0
391,2026-09-01T15:35:16.969130,0.0025,Low,Loyal,False,75.65,No action needed,RULE_LOW_NO_ACTION,0
392,2026-09-01T15:35:16.969130,0.0276,Low,Loyal,True,105.5,No action needed,RULE_LOW_NO_ACTION,0
393,2026-09-01T15:35:16.969130,0.001,Low,Loyal,False,35.8,No action needed,RULE_LOW_NO_ACTION,0
394,2026-09-01T15:35:16.969130,0.0012,Low,Established,False,25.15,No action needed,RULE_LOW_NO_ACTION,0
395,2026-09-01T15:35:16.969130,0.0059,Low,Loyal,False,19.2,No action needed,RULE_LOW_NO_ACTION,0
396,2026-09-01T15:35:16.969130,0.0256,Low,Established,False,40.1,No action needed,RULE_LOW_NO_ACTION,0
397,2026-09-01T15:35:16.969130,0.0407,Low,Loyal,True,103.15,No action needed,RULE_LOW_NO_ACTION,0
398,2026-09-01T15:35:16.969130,0.0005,Low,Loyal,False,20.5,No action needed,RULE_LOW_NO_ACTION,0
399,2026-09-01T15:35:16.970128,0.9948,High,New,False,45.85,Plan downgrade offer,RULE_LOW_VALUE_DOWNGRADE,1
400,2026-09-01T15:35:16.970128,0.002,Low,Loyal,True,114.45,No action needed,RULE_LOW_NO_ACTION,0
401,2026-09-01T15:35:16.970128,0.0026,Low,New,False,20.7,No action needed,RULE_LOW_NO_ACTION,0
402,2026-09-01T15:35:16.970128,0.0074,Low,Loyal,False,80.95,No action needed,RULE_LOW_NO_ACTION,0
403,2026-09-01T15:35:16.970128,0.7228,High,Established,False,59.1,Plan downgrade offer,RULE_LOW_VALUE_DOWNGRADE,0
404,2026-09-01T15:35:16.970128,0.0008,Low,Loyal,False,19.55,No action needed,RULE_LOW_NO_ACTION,0
405,2026-09-01T15:35:16.970128,0.0951,Low,Established,False,48.85,No action needed,RULE_LOW_NO_ACTION,0
406,2026-09-01T15:35:16.970128,0.9982,High,New,False,19.85,Plan downgrade offer,RULE_LOW_VALUE_DOWNGRADE,1
407,2026-09-01T15:35:16.971127,0.0054,Low,Established,False,78.75,No action needed,RULE_LOW_NO_ACTION,0
408,2026-09-01T15:35:16.971127,0.4842,Medium,Loyal,True,98.35,Loyalty reward,RULE_MEDIUM_HIGH_VALUE_REWARD,1
409,2026-09-01T15:35:16.971127,0.014,Low,Loyal,False,35.45,No action needed,RULE_LOW_NO_ACTION,0
410,2026-09-01T15:35:16.971127,0.8764,High,New,False,20.2,Plan downgrade offer,RULE_LOW_VALUE_DOWNGRADE,1
411,2026-09-01T15:35:16.971127,0.9995,High,Established,True,89.85,Personalized discount,RULE_HIGH_VALUE_DISCOUNT,1
412,2026-09-01T15:35:16.971127,0.9841,High,New,False,74.9,Plan downgrade offer,RULE_LOW_VALUE_DOWNGRADE,1
413,2026-09-01T15:35:16.971127,0.9991,High,Loyal,True,91.15,Proactive support outreach,RULE_HIGH_VALUE_LOYAL_OUTREACH,1
414,2026-09-01T15:35:16.971127,0.153,Medium,Loyal,False,75.5,Proactive support outreach,RULE_MEDIUM_LOW_VALUE_OUTREACH,0
415,2026-09-01T15:35:16.972128,0.0977,Low,Established,False,29.75,No action needed,RULE_LOW_NO_ACTION,0
416,2026-09-01T15:35:16.972128,0.647,High,New,False,20.05,Plan downgrade offer,RULE_LOW_VALUE_DOWNGRADE,0
417,2026-09-01T15:35:16.972128,0.9914,High,New,False,79.6,Plan downgrade offer,RULE_LOW_VALUE_DOWNGRADE,1
418,2026-09-01T15:35:16.972128,0.9989,High,New,False,19.3,Plan downgrade offer,RULE_LOW_VALUE_DOWNGRADE,1
419,2026-09-01T15:35:16.972128,0.9996,High,Established,False,48.75,Plan downgrade offer,RULE_LOW_VALUE_DOWNGRADE,1
420,2026-09-01T15:35:16.972128,0.0032,Low,Loyal,False,74.75,No action needed,RULE_LOW_NO_ACTION,0
421,2026-09-01T15:35:16.972128,0.0048,Low,Loyal,True,91.3,No action needed,RULE_LOW_NO_ACTION,0
422,2026-09-01T15:35:16.972128,0.7722,High,Established,False,49.15,Plan downgrade offer,RULE_LOW_VALUE_DOWNGRADE,0
423,2026-09-01T15:35:16.973128,0.9989,High,Loyal,True,106.75,Proactive support outreach,RULE_HIGH_VALUE_LOYAL_OUTREACH,1
424,2026-09-01T15:35:16.973128,0.008,Low,Loyal,False,19.1,No action needed,RULE_LOW_NO_ACTION,0
425,2026-09-01T15:35:16.973128,0.0102,Low,New,False,20.8,No action needed,RULE_LOW_NO_ACTION,0
426,2026-09-01T15:35:16.973128,0.3581,Medium,Established,False,75.85,Proactive support outreach,RULE_MEDIUM_LOW_VALUE_OUTREACH,0
427,2026-09-01T15:35:16.973128,0.0445,Low,New,False,69.6,No action needed,RULE_LOW_NO_ACTION,0
428,2026-09-01T15:35:16.973128,0.0005,Low,Loyal,False,19.9,No action needed,RULE_LOW_NO_ACTION,0
429,2026-09-01T15:35:16.973128,0.0005,Low,Loyal,False,20.3,No action needed,RULE_LOW_NO_ACTION,0
430,2026-09-01T15:35:16.973128,0.0008,Low,Established,False,19.7,No action needed,RULE_LOW_NO_ACTION,0
431,2026-09-01T15:35:16.974127,0.0054,Low,Loyal,True,104.0,No action needed,RULE_LOW_NO_ACTION,0
432,2026-09-01T15:35:16.974127,0.0017,Low,New,False,23.9,No action needed,RULE_LOW_NO_ACTION,0
433,2026-09-01T15:35:16.974127,0.0134,Low,Loyal,True,102.6,No action needed,RULE_LOW_NO_ACTION,0
434,2026-09-01T15:35:16.974127,0.0027,Low,Loyal,False,35.0,No action needed,RULE_LOW_NO_ACTION,0
435,2026-09-01T15:35:16.974127,0.999,High,New,False,80.5,Plan downgrade offer,RULE_LOW_VALUE_DOWNGRADE,1
436,2026-09-01T15:35:16.974127,0.0722,Low,Loyal,False,74.1,No action needed,RULE_LOW_NO_ACTION,0
437,2026-09-01T15:35:16.974127,0.0025,Low,Loyal,False,76.8,No action needed,RULE_LOW_NO_ACTION,0
438,2026-09-01T15:35:16.974127,0.0824,Low,Loyal,False,60.55,No action needed,RULE_LOW_NO_ACTION,0
439,2026-09-01T15:35:16.974127,0.0026,Low,Established,False,67.25,No action needed,RULE_LOW_NO_ACTION,0
440,2026-09-01T15:35:16.975127,0.261,Medium,Loyal,True,109.8,Loyalty reward,RULE_MEDIUM_HIGH_VALUE_REWARD,0
441,2026-09-01T15:35:16.975127,0.9806,High,Established,False,73.75,Plan downgrade offer,RULE_LOW_VALUE_DOWNGRADE,1
442,2026-09-01T15:35:16.975127,0.002,Low,Loyal,False,55.8,No action needed,RULE_LOW_NO_ACTION,0
443,2026-09-01T15:35:16.975127,0.0335,Low,Loyal,True,105.75,No action needed,RULE_LOW_NO_ACTION,0
444,2026-09-01T15:35:16.975127,0.3647,Medium,New,False,19.6,Proactive support outreach,RULE_MEDIUM_LOW_VALUE_OUTREACH,1
445,2026-09-01T15:35:16.975127,0.2411,Medium,Loyal,True,103.75,Loyalty reward,RULE_MEDIUM_HIGH_VALUE_REWARD,0
446,2026-09-01T15:35:16.975127,0.0008,Low,Loyal,False,70.9,No action needed,RULE_LOW_NO_ACTION,0
447,2026-09-01T15:35:16.975127,0.0166,Low,Loyal,False,72.35,No action needed,RULE_LOW_NO_ACTION,0
448,2026-09-01T15:35:16.976128,0.0048,Low,Established,False,66.85,No action needed,RULE_LOW_NO_ACTION,0
449,2026-09-01T15:35:16.976128,0.1831,Medium,New,True,90.4,Loyalty reward,RULE_MEDIUM_HIGH_VALUE_REWARD,0
450,2026-09-01T15:35:16.976128,0.3081,Medium,Loyal,True,100.3,Loyalty reward,RULE_MEDIUM_HIGH_VALUE_REWARD,0
451,2026-09-01T15:35:16.976128,0.0557,Low,Loyal,False,26.2,No action needed,RULE_LOW_NO_ACTION,0
452,2026-09-01T15:35:16.976128,0.6673,High,Loyal,True,94.0,Proactive support outreach,RULE_HIGH_VALUE_LOYAL_OUTREACH,0
453,2026-09-01T15:35:16.976128,0.0245,Low,New,False,19.55,No action needed,RULE_LOW_NO_ACTION,0
454,2026-09-01T15:35:16.976128,0.0246,Low,Established,True,90.1,No action needed,RULE_LOW_NO_ACTION,0
455,2026-09-01T15:35:16.976128,0.0014,Low,Loyal,False,20.1,No action needed,RULE_LOW_NO_ACTION,0
456,2026-09-01T15:35:16.977128,0.9534,High,Loyal,False,85.0,Plan downgrade offer,RULE_LOW_VALUE_DOWNGRADE,1
457,2026-09-01T15:35:16.977128,0.0005,Low,Loyal,False,24.1,No action needed,RULE_LOW_NO_ACTION,0
458,2026-09-01T15:35:16.977128,0.0009,Low,Loyal,False,69.95,No action needed,RULE_LOW_NO_ACTION,0
459,2026-09-01T15:35:16.977128,0.7846,High,Established,False,41.6,Plan downgrade offer,RULE_LOW_VALUE_DOWNGRADE,1
460,2026-09-01T15:35:16.977128,0.0062,Low,Loyal,False,19.55,No action needed,RULE_LOW_NO_ACTION,0
461,2026-09-01T15:35:16.977128,0.9968,High,Loyal,True,111.3,Proactive support outreach,RULE_HIGH_VALUE_LOYAL_OUTREACH,1
462,2026-09-01T15:35:16.977128,0.4707,Medium,Loyal,True,97.95,Loyalty reward,RULE_MEDIUM_HIGH_VALUE_REWARD,0
463,2026-09-01T15:35:16.977128,0.0016,Low,Loyal,True,100.55,No action needed,RULE_LOW_NO_ACTION,0
464,2026-09-01T15:35:16.978128,0.0235,Low,Loyal,False,87.25,No action needed,RULE_LOW_NO_ACTION,0
465,2026-09-01T15:35:16.978128,0.01,Low,Loyal,False,74.85,No action needed,RULE_LOW_NO_ACTION,0
466,2026-09-01T15:35:16.978128,0.0489,Low,Loyal,False,60.3,No action needed,RULE_LOW_NO_ACTION,0
467,2026-09-01T15:35:16.978128,0.0573,Low,Established,False,58.95,No action needed,RULE_LOW_NO_ACTION,0
468,2026-09-01T15:35:16.978128,0.0012,Low,Established,False,19.3,No action needed,RULE_LOW_NO_ACTION,0
469,2026-09-01T15:35:16.978128,0.003,Low,Loyal,False,88.8,No action needed,RULE_LOW_NO_ACTION,0
470,2026-09-01T15:35:16.978128,0.9974,High,Established,False,48.55,Plan downgrade offer,RULE_LOW_VALUE_DOWNGRADE,1
471,2026-09-01T15:35:16.978128,0.0396,Low,Loyal,False,45.55,No action needed,RULE_LOW_NO_ACTION,0
472,2026-09-01T15:35:16.979127,0.3769,Medium,Loyal,False,81.7,Proactive support outreach,RULE_MEDIUM_LOW_VALUE_OUTREACH,0
473,2026-09-01T15:35:16.979127,0.0027,Low,Loyal,True,109.2,No action needed,RULE_LOW_NO_ACTION,0
474,2026-09-01T15:35:16.979127,0.1569,Medium,Loyal,False,65.2,Proactive support outreach,RULE_MEDIUM_LOW_VALUE_OUTREACH,0
475,2026-09-01T15:35:16.979127,0.001,Low,Loyal,False,24.25,No action needed,RULE_LOW_NO_ACTION,0
476,2026-09-01T15:35:16.979127,0.0619,Low,Loyal,True,108.25,No action needed,RULE_LOW_NO_ACTION,0
477,2026-09-01T15:35:16.979127,0.0993,Low,Established,False,48.2,No action needed,RULE_LOW_NO_ACTION,0
478,2026-09-01T15:35:16.979127,0.9973,High,Loyal,False,81.05,Plan downgrade offer,RULE_LOW_VALUE_DOWNGRADE,1
479,2026-09-01T15:35:16.980133,0.997,High,Established,False,72.65,Plan downgrade offer,RULE_LOW_VALUE_DOWNGRADE,1
480,2026-09-01T15:35:16.980133,0.009,Low,Established,False,71.05,No action needed,RULE_LOW_NO_ACTION,0
481,2026-09-01T15:35:16.980133,0.4434,Medium,New,False,64.0,Proactive support outreach,RULE_MEDIUM_LOW_VALUE_OUTREACH,0
482,2026-09-01T15:35:16.980133,0.0058,Low,Loyal,False,23.9,No action needed,RULE_LOW_NO_ACTION,0
483,2026-09-01T15:35:16.980133,0.9979,High,Established,False,34.5,Plan downgrade offer,RULE_LOW_VALUE_DOWNGRADE,1
484,2026-09-01T15:35:16.980133,0.0135,Low,Established,True,111.4,No action needed,RULE_LOW_NO_ACTION,0
485,2026-09-01T15:35:16.980133,0.2875,Medium,Loyal,False,63.9,Proactive support outreach,RULE_MEDIUM_LOW_VALUE_OUTREACH,0
486,2026-09-01T15:35:16.980133,0.0051,Low,Loyal,False,67.4,No action needed,RULE_LOW_NO_ACTION,0
487,2026-09-01T15:35:16.980133,0.0131,Low,Established,False,18.8,No action needed,RULE_LOW_NO_ACTION,0
488,2026-09-01T15:35:16.981130,0.9984,High,New,False,80.95,Plan downgrade offer,RULE_LOW_VALUE_DOWNGRADE,1
489,2026-09-01T15:35:16.981130,0.0067,Low,Loyal,True,95.65,No action needed,RULE_LOW_NO_ACTION,0
490,2026-09-01T15:35:16.981130,0.4157,Medium,Established,False,84.25,Proactive support outreach,RULE_MEDIUM_LOW_VALUE_OUTREACH,0
491,2026-09-01T15:35:16.981130,0.2058,Medium,Established,False,69.7,Proactive support outreach,RULE_MEDIUM_LOW_VALUE_OUTREACH,0
492,2026-09-01T15:35:16.981130,0.4078,Medium,Loyal,True,103.9,Loyalty reward,RULE_MEDIUM_HIGH_VALUE_REWARD,0
493,2026-09-01T15:35:16.981130,0.2288,Medium,New,False,55.3,Proactive support outreach,RULE_MEDIUM_LOW_VALUE_OUTREACH,0
494,2026-09-01T15:35:16.981130,0.0004,Low,Loyal,False,23.65,No action needed,RULE_LOW_NO_ACTION,0
495,2026-09-01T15:35:16.981130,0.816,High,New,True,89.85,Personalized discount,RULE_HIGH_VALUE_DISCOUNT,0
496,2026-09-01T15:35:16.981130,0.005,Low,Loyal,True,93.65,No action needed,RULE_LOW_NO_ACTION,0
497,2026-09-01T15:35:16.981130,0.9965,High,Established,False,69.0,Plan downgrade offer,RULE_LOW_VALUE_DOWNGRADE,1
498,2026-09-01T15:35:16.981130,0.0031,Low,Loyal,False,20.25,No action needed,RULE_LOW_NO_ACTION,0
499,2026-09-01T15:35:16.982128,0.012,Low,Loyal,True,104.45,No action needed,RULE_LOW_NO_ACTION,0
500,2026-09-01T15:35:16.982128,0.0036,Low,Loyal,False,25.95,No action needed,RULE_LOW_NO_ACTION,0
501,2026-09-01T15:35:16.982128,0.0859,Low,Loyal,True,95.4,No action needed,RULE_LOW_NO_ACTION,0
502,2026-09-01T15:35:16.982128,0.0175,Low,New,False,70.7,No action needed,RULE_LOW_NO_ACTION,0
503,2026-09-01T15:35:16.982128,0.0007,Low,Loyal,False,23.75,No action needed,RULE_LOW_NO_ACTION,0
504,2026-09-01T15:35:16.982128,0.5159,High,Loyal,False,78.8,Plan downgrade offer,RULE_LOW_VALUE_DOWNGRADE,0
505,2026-09-01T15:35:16.982128,0.0076,Low,Loyal,False,62.8,No action needed,RULE_LOW_NO_ACTION,0
506,2026-09-01T15:35:16.982128,0.0078,Low,Loyal,False,89.2,No action needed,RULE_LOW_NO_ACTION,0
507,2026-09-01T15:35:16.983130,0.0238,Low,Loyal,False,20.6,No action needed,RULE_LOW_NO_ACTION,0
508,2026-09-01T15:35:16.983130,0.9984,High,New,False,50.15,Plan downgrade offer,RULE_LOW_VALUE_DOWNGRADE,1
509,2026-09-01T15:35:16.983130,0.0006,Low,Loyal,False,75.55,No action needed,RULE_LOW_NO_ACTION,0
510,2026-09-01T15:35:16.983130,0.9964,High,New,False,84.6,Plan downgrade offer,RULE_LOW_VALUE_DOWNGRADE,1
511,2026-09-01T15:35:16.983130,0.9942,High,Loyal,True,102.0,Proactive support outreach,RULE_HIGH_VALUE_LOYAL_OUTREACH,1
512,2026-09-01T15:35:16.983130,0.0561,Low,Loyal,True,92.05,No action needed,RULE_LOW_NO_ACTION,0
513,2026-09-01T15:35:16.983130,0.0071,Low,Loyal,True,97.65,No action needed,RULE_LOW_NO_ACTION,0
514,2026-09-01T15:35:16.983130,0.9978,High,New,True,105.65,Personalized discount,RULE_HIGH_VALUE_DISCOUNT,1
515,2026-09-01T15:35:16.983130,0.0375,Low,Loyal,False,56.3,No action needed,RULE_LOW_NO_ACTION,0
516,2026-09-01T15:35:16.983130,0.012,Low,Loyal,False,81.15,No action needed,RULE_LOW_NO_ACTION,0
517,2026-09-01T15:35:16.984129,0.058,Low,Loyal,False,44.65,No action needed,RULE_LOW_NO_ACTION,0
518,2026-09-01T15:35:16.984129,0.0217,Low,Established,False,43.75,No action needed,RULE_LOW_NO_ACTION,0
519,2026-09-01T15:35:16.984129,0.0406,Low,Loyal,True,94.7,No action needed,RULE_LOW_NO_ACTION,0
520,2026-09-01T15:35:16.984129,0.026,Low,Loyal,False,19.5,No action needed,RULE_LOW_NO_ACTION,0
521,2026-09-01T15:35:16.984129,0.0072,Low,Loyal,True,97.0,No action needed,RULE_LOW_NO_ACTION,0
522,2026-09-01T15:35:16.984129,0.0173,Low,Loyal,True,107.9,No action needed,RULE_LOW_NO_ACTION,0
523,2026-09-01T15:35:16.985130,0.9991,High,Established,False,89.4,Plan downgrade offer,RULE_LOW_VALUE_DOWNGRADE,1
524,2026-09-01T15:35:16.985130,0.5772,High,Loyal,False,48.95,Plan downgrade offer,RULE_LOW_VALUE_DOWNGRADE,1
525,2026-09-01T15:35:16.985130,0.9826,High,Loyal,False,80.6,Plan downgrade offer,RULE_LOW_VALUE_DOWNGRADE,1
526,2026-09-01T15:35:16.985130,0.2189,Medium,Loyal,True,116.6,Loyalty reward,RULE_MEDIUM_HIGH_VALUE_REWARD,0
527,2026-09-01T15:35:16.985130,0.4253,Medium,New,False,19.45,Proactive support outreach,RULE_MEDIUM_LOW_VALUE_OUTREACH,0
528,2026-09-01T15:35:16.985130,0.2551,Medium,Established,False,58.35,Proactive support outreach,RULE_MEDIUM_LOW_VALUE_OUTREACH,0
529,2026-09-01T15:35:16.985130,0.0116,Low,Loyal,False,19.95,No action needed,RULE_LOW_NO_ACTION,0
530,2026-09-01T15:35:16.985130,0.0126,Low,Established,False,80.15,No action needed,RULE_LOW_NO_ACTION,0
531,2026-09-01T15:35:16.985130,0.0034,Low,New,False,18.8,No action needed,RULE_LOW_NO_ACTION,0
532,2026-09-01T15:35:16.986130,0.1165,Medium,Loyal,True,100.0,Loyalty reward,RULE_MEDIUM_HIGH_VALUE_REWARD,0
533,2026-09-01T15:35:16.986130,0.9974,High,New,True,93.5,Personalized discount,RULE_HIGH_VALUE_DISCOUNT,1
534,2026-09-01T15:35:16.986130,0.8939,High,Loyal,False,80.45,Plan downgrade offer,RULE_LOW_VALUE_DOWNGRADE,1
535,2026-09-01T15:35:16.986130,0.0049,Low,Loyal,False,84.9,No action needed,RULE_LOW_NO_ACTION,0
536,2026-09-01T15:35:16.986130,0.7337,High,Established,False,64.4,Plan downgrade offer,RULE_LOW_VALUE_DOWNGRADE,0
537,2026-09-01T15:35:16.986130,0.1024,Medium,Loyal,False,25.05,Proactive support outreach,RULE_MEDIUM_LOW_VALUE_OUTREACH,0
538,2026-09-01T15:35:16.986130,0.9995,High,New,False,70.75,Plan downgrade offer,RULE_LOW_VALUE_DOWNGRADE,1
539,2026-09-01T15:35:16.986130,0.123,Medium,Established,False,39.1,Proactive support outreach,RULE_MEDIUM_LOW_VALUE_OUTREACH,1
540,2026-09-01T15:35:16.986130,0.998,High,Loyal,False,50.25,Plan downgrade offer,RULE_LOW_VALUE_DOWNGRADE,1
541,2026-09-01T15:35:16.986130,0.0544,Low,Loyal,False,80.1,No action needed,RULE_LOW_NO_ACTION,0
542,2026-09-01T15:35:16.987132,0.9713,High,New,False,80.0,Plan downgrade offer,RULE_LOW_VALUE_DOWNGRADE,1
543,2026-09-01T15:35:16.987132,0.1615,Medium,Loyal,False,35.05,Proactive support outreach,RULE_MEDIUM_LOW_VALUE_OUTREACH,0
544,2026-09-01T15:35:16.987132,0.9767,High,New,False,29.65,Plan downgrade offer,RULE_LOW_VALUE_DOWNGRADE,1
545,2026-09-01T15:35:16.987132,0.0163,Low,Established,False,20.45,No action needed,RULE_LOW_NO_ACTION,0
546,2026-09-01T15:35:16.987132,0.0494,Low,Loyal,False,66.4,No action needed,RULE_LOW_NO_ACTION,0
547,2026-09-01T15:35:16.987132,0.0093,Low,Loyal,False,60.6,No action needed,RULE_LOW_NO_ACTION,0
548,2026-09-01T15:35:16.987132,0.0338,Low,New,False,54.2,No action needed,RULE_LOW_NO_ACTION,0
549,2026-09-01T15:35:16.987132,0.0048,Low,Loyal,False,25.25,No action needed,RULE_LOW_NO_ACTION,0
550,2026-09-01T15:35:16.987132,0.9801,High,Established,False,18.95,Plan downgrade offer,RULE_LOW_VALUE_DOWNGRADE,1
551,2026-09-01T15:35:16.987132,0.001,Low,Established,False,20.8,No action needed,RULE_LOW_NO_ACTION,0
552,2026-09-01T15:35:16.987132,0.1142,Medium,Loyal,False,86.1,Proactive support outreach,RULE_MEDIUM_LOW_VALUE_OUTREACH,0
553,2026-09-01T15:35:16.988131,0.0255,Low,Loyal,False,40.65,No action needed,RULE_LOW_NO_ACTION,0
554,2026-09-01T15:35:16.988131,0.0006,Low,Loyal,False,24.4,No action needed,RULE_LOW_NO_ACTION,0
555,2026-09-01T15:35:16.988131,0.0113,Low,New,False,70.3,No action needed,RULE_LOW_NO_ACTION,0
556,2026-09-01T15:35:16.988131,0.9994,High,New,False,85.4,Plan downgrade offer,RULE_LOW_VALUE_DOWNGRADE,1
557,2026-09-01T15:35:16.988131,0.9728,High,New,False,42.6,Plan downgrade offer,RULE_LOW_VALUE_DOWNGRADE,1
558,2026-09-01T15:35:16.988131,0.0436,Low,Loyal,False,81.75,No action needed,RULE_LOW_NO_ACTION,0
559,2026-09-01T15:35:16.988131,0.364,Medium,Loyal,True,106.15,Loyalty reward,RULE_MEDIUM_HIGH_VALUE_REWARD,0
560,2026-09-01T15:35:16.988131,0.0887,Low,Loyal,True,110.05,No action needed,RULE_LOW_NO_ACTION,0
561,2026-09-01T15:35:16.988131,0.9893,High,New,False,56.7,Plan downgrade offer,RULE_LOW_VALUE_DOWNGRADE,1
562,2026-09-01T15:35:16.988131,0.9772,High,Loyal,True,103.75,Proactive support outreach,RULE_HIGH_VALUE_LOYAL_OUTREACH,1
563,2026-09-01T15:35:16.989131,0.0011,Low,Loyal,False,81.4,No action needed,RULE_LOW_NO_ACTION,0
564,2026-09-01T15:35:16.989131,0.0144,Low,Loyal,False,76.9,No action needed,RULE_LOW_NO_ACTION,0
565,2026-09-01T15:35:16.989131,0.0078,Low,Established,False,84.15,No action needed,RULE_LOW_NO_ACTION,0
566,2026-09-01T15:35:16.989131,0.9996,High,New,False,25.05,Plan downgrade offer,RULE_LOW_VALUE_DOWNGRADE,1
567,2026-09-01T15:35:16.989131,0.9995,High,New,False,41.15,Plan downgrade offer,RULE_LOW_VALUE_DOWNGRADE,1
568,2026-09-01T15:35:16.989131,0.8086,High,Established,True,96.4,Personalized discount,RULE_HIGH_VALUE_DISCOUNT,1
569,2026-09-01T15:35:16.989131,0.9589,High,Loyal,False,74.4,Plan downgrade offer,RULE_LOW_VALUE_DOWNGRADE,1
570,2026-09-01T15:35:16.989131,0.0055,Low,Loyal,False,24.9,No action needed,RULE_LOW_NO_ACTION,0
571,2026-09-01T15:35:16.989131,0.1056,Medium,New,False,48.75,Proactive support outreach,RULE_MEDIUM_LOW_VALUE_OUTREACH,0
572,2026-09-01T15:35:16.989131,0.9815,High,New,False,83.9,Plan downgrade offer,RULE_LOW_VALUE_DOWNGRADE,1
573,2026-09-01T15:35:16.989131,0.9867,High,New,False,50.75,Plan downgrade offer,RULE_LOW_VALUE_DOWNGRADE,1
574,2026-09-01T15:35:16.990131,0.0211,Low,Loyal,False,20.2,No action needed,RULE_LOW_NO_ACTION,0
575,2026-09-01T15:35:16.990131,0.9976,High,New,False,19.3,Plan downgrade offer,RULE_LOW_VALUE_DOWNGRADE,1
576,2026-09-01T15:35:16.990131,0.3831,Medium,Loyal,True,95.3,Loyalty reward,RULE_MEDIUM_HIGH_VALUE_REWARD,0
577,2026-09-01T15:35:16.990131,0.0036,Low,Loyal,False,76.05,No action needed,RULE_LOW_NO_ACTION,0
578,2026-09-01T15:35:16.990131,0.0023,Low,Loyal,False,19.55,No action needed,RULE_LOW_NO_ACTION,0
579,2026-09-01T15:35:16.990131,0.0029,Low,Loyal,False,50.05,No action needed,RULE_LOW_NO_ACTION,0
580,2026-09-01T15:35:16.990131,0.0381,Low,Loyal,False,19.3,No action needed,RULE_LOW_NO_ACTION,0
581,2026-09-01T15:35:16.990131,0.0975,Low,Loyal,True,100.0,No action needed,RULE_LOW_NO_ACTION,0
582,2026-09-01T15:35:16.990131,0.0115,Low,Loyal,False,20.5,No action needed,RULE_LOW_NO_ACTION,0
583,2026-09-01T15:35:16.990131,0.0005,Low,Loyal,False,19.4,No action needed,RULE_LOW_NO_ACTION,0
584,2026-09-01T15:35:16.990131,0.0154,Low,Loyal,False,54.9,No action needed,RULE_LOW_NO_ACTION,0
585,2026-09-01T15:35:16.991132,0.0008,Low,Loyal,False,49.8,No action needed,RULE_LOW_NO_ACTION,0
586,2026-09-01T15:35:16.991132,0.9978,High,New,False,74.35,Plan downgrade offer,RULE_LOW_VALUE_DOWNGRADE,1
587,2026-09-01T15:35:16.991132,0.0041,Low,Loyal,True,94.15,No action needed,RULE_LOW_NO_ACTION,0
588,2026-09-01T15:35:16.991132,0.0007,Low,Established,False,20.65,No action needed,RULE_LOW_NO_ACTION,0
589,2026-09-01T15:35:16.991132,0.9993,High,Established,True,90.45,Personalized discount,RULE_HIGH_VALUE_DISCOUNT,1
590,2026-09-01T15:35:16.991132,0.0946,Low,Loyal,False,73.05,No action needed,RULE_LOW_NO_ACTION,0
591,2026-09-01T15:35:16.991132,0.0101,Low,Loyal,False,70.55,No action needed,RULE_LOW_NO_ACTION,0
592,2026-09-01T15:35:16.991132,0.8241,High,Loyal,True,99.1,Proactive support outreach,RULE_HIGH_VALUE_LOYAL_OUTREACH,0
593,2026-09-01T15:35:16.991132,0.9346,High,Established,True,95.65,Personalized discount,RULE_HIGH_VALUE_DISCOUNT,1
594,2026-09-01T15:35:16.991132,0.9979,High,New,False,71.65,Plan downgrade offer,RULE_LOW_VALUE_DOWNGRADE,1
595,2026-09-01T15:35:16.991132,0.0035,Low,Loyal,True,100.25,No action needed,RULE_LOW_NO_ACTION,0
596,2026-09-01T15:35:16.992131,0.1112,Medium,Established,False,19.75,Proactive support outreach,RULE_MEDIUM_LOW_VALUE_OUTREACH,0
597,2026-09-01T15:35:16.992131,0.0161,Low,Loyal,False,24.9,No action needed,RULE_LOW_NO_ACTION,0
598,2026-09-01T15:35:16.992131,0.8952,High,Loyal,False,79.6,Plan downgrade offer,RULE_LOW_VALUE_DOWNGRADE,1
599,2026-09-01T15:35:16.992131,0.0028,Low,Established,False,19.9,No action needed,RULE_LOW_NO_ACTION,0
600,2026-09-01T15:35:16.992131,0.0108,Low,New,False,20.2,No action needed,RULE_LOW_NO_ACTION,0
601,2026-09-01T15:35:16.992131,0.9954,High,Established,True,99.0,Personalized discount,RULE_HIGH_VALUE_DISCOUNT,1
602,2026-09-01T15:35:16.992131,0.06,Low,Loyal,False,24.25,No action needed,RULE_LOW_NO_ACTION,0
603,2026-09-01T15:35:16.992131,0.9994,High,Loyal,True,100.05,Proactive support outreach,RULE_HIGH_VALUE_LOYAL_OUTREACH,1
604,2026-09-01T15:35:16.992131,0.2259,Medium,Established,True,99.3,Loyalty reward,RULE_MEDIUM_HIGH_VALUE_REWARD,0
605,2026-09-01T15:35:16.992131,0.0045,Low,Established,False,20.3,No action needed,RULE_LOW_NO_ACTION,0
606,2026-09-01T15:35:16.993132,0.9837,High,Loyal,False,55.25,Plan downgrade offer,RULE_LOW_VALUE_DOWNGRADE,1
607,2026-09-01T15:35:16.993132,0.9877,High,Loyal,True,100.5,Proactive support outreach,RULE_HIGH_VALUE_LOYAL_OUTREACH,1
608,2026-09-01T15:35:16.993132,0.0017,Low,Established,False,23.5,No action needed,RULE_LOW_NO_ACTION,0
609,2026-09-01T15:35:16.993132,0.003,Low,Loyal,False,19.8,No action needed,RULE_LOW_NO_ACTION,0
610,2026-09-01T15:35:16.993132,0.0005,Low,Loyal,False,19.75,No action needed,RULE_LOW_NO_ACTION,0
611,2026-09-01T15:35:16.993132,0.0029,Low,New,False,20.75,No action needed,RULE_LOW_NO_ACTION,0
612,2026-09-01T15:35:16.993132,0.0223,Low,Loyal,True,103.2,No action needed,RULE_LOW_NO_ACTION,0
613,2026-09-01T15:35:16.993132,0.1853,Medium,Loyal,True,106.25,Loyalty reward,RULE_MEDIUM_HIGH_VALUE_REWARD,1
614,2026-09-01T15:35:16.993132,0.0016,Low,Loyal,False,49.9,No action needed,RULE_LOW_NO_ACTION,0
615,2026-09-01T15:35:16.993132,0.002,Low,Established,False,69.5,No action needed,RULE_LOW_NO_ACTION,0
616,2026-09-01T15:35:16.993132,0.0008,Low,Loyal,True,90.55,No action needed,RULE_LOW_NO_ACTION,0
617,2026-09-01T15:35:16.994134,0.0162,Low,Loyal,False,88.6,No action needed,RULE_LOW_NO_ACTION,0
618,2026-09-01T15:35:16.994134,0.9987,High,New,False,76.45,Plan downgrade offer,RULE_LOW_VALUE_DOWNGRADE,1
619,2026-09-01T15:35:16.994134,0.9926,High,New,False,19.75,Plan downgrade offer,RULE_LOW_VALUE_DOWNGRADE,1
620,2026-09-01T15:35:16.994134,0.4455,Medium,Loyal,False,20.35,Proactive support outreach,RULE_MEDIUM_LOW_VALUE_OUTREACH,0
621,2026-09-01T15:35:16.994134,0.3487,Medium,Established,False,87.05,Proactive support outreach,RULE_MEDIUM_LOW_VALUE_OUTREACH,1
622,2026-09-01T15:35:16.994134,0.9992,High,Loyal,True,106.4,Proactive support outreach,RULE_HIGH_VALUE_LOYAL_OUTREACH,1
623,2026-09-01T15:35:16.994134,0.0008,Low,Loyal,False,24.05,No action needed,RULE_LOW_NO_ACTION,0
624,2026-09-01T15:35:16.994134,0.0009,Low,Loyal,False,25.05,No action needed,RULE_LOW_NO_ACTION,0
625,2026-09-01T15:35:16.994134,0.4371,Medium,New,False,19.85,Proactive support outreach,RULE_MEDIUM_LOW_VALUE_OUTREACH,1
626,2026-09-01T15:35:16.994134,0.0814,Low,Loyal,False,37.7,No action needed,RULE_LOW_NO_ACTION,0
627,2026-09-01T15:35:16.995134,0.9996,High,New,True,96.6,Personalized discount,RULE_HIGH_VALUE_DISCOUNT,1
628,2026-09-01T15:35:16.995134,0.7259,High,Established,False,86.0,Plan downgrade offer,RULE_LOW_VALUE_DOWNGRADE,1
629,2026-09-01T15:35:16.995134,0.1735,Medium,New,False,69.9,Proactive support outreach,RULE_MEDIUM_LOW_VALUE_OUTREACH,0
630,2026-09-01T15:35:16.995134,0.9995,High,New,True,105.3,Personalized discount,RULE_HIGH_VALUE_DISCOUNT,1
631,2026-09-01T15:35:16.995134,0.0035,Low,Loyal,False,59.6,No action needed,RULE_LOW_NO_ACTION,0
632,2026-09-01T15:35:16.995134,0.9511,High,Established,True,90.5,Personalized discount,RULE_HIGH_VALUE_DISCOUNT,1
633,2026-09-01T15:35:16.995134,0.0155,Low,Loyal,False,19.05,No action needed,RULE_LOW_NO_ACTION,0
634,2026-09-01T15:35:16.995134,0.2675,Medium,Loyal,True,98.85,Loyalty reward,RULE_MEDIUM_HIGH_VALUE_REWARD,0
635,2026-09-01T15:35:16.995134,0.1221,Medium,Loyal,False,39.9,Proactive support outreach,RULE_MEDIUM_LOW_VALUE_OUTREACH,0
636,2026-09-01T15:35:16.995134,0.0017,Low,New,False,20.5,No action needed,RULE_LOW_NO_ACTION,0
637,2026-09-01T15:35:16.995134,0.0357,Low,New,False,20.25,No action needed,RULE_LOW_NO_ACTION,0
638,2026-09-01T15:35:16.996131,0.9921,High,Loyal,False,72.25,Plan downgrade offer,RULE_LOW_VALUE_DOWNGRADE,1
639,2026-09-01T15:35:16.996131,0.019,Low,New,False,19.5,No action needed,RULE_LOW_NO_ACTION,0
640,2026-09-01T15:35:16.996131,0.0007,Low,Loyal,False,62.65,No action needed,RULE_LOW_NO_ACTION,0
641,2026-09-01T15:35:16.996131,0.074,Low,Established,False,75.4,No action needed,RULE_LOW_NO_ACTION,0
642,2026-09-01T15:35:16.996131,0.0104,Low,Loyal,True,110.9,No action needed,RULE_LOW_NO_ACTION,0
643,2026-09-01T15:35:16.996131,0.0028,Low,Loyal,True,94.3,No action needed,RULE_LOW_NO_ACTION,0
644,2026-09-01T15:35:16.996131,0.0008,Low,Loyal,False,25.55,No action needed,RULE_LOW_NO_ACTION,0
645,2026-09-01T15:35:16.996131,0.3071,Medium,Loyal,False,83.85,Proactive support outreach,RULE_MEDIUM_LOW_VALUE_OUTREACH,0
646,2026-09-01T15:35:16.996131,0.049,Low,Loyal,True,94.15,No action needed,RULE_LOW_NO_ACTION,0
647,2026-09-01T15:35:16.996131,0.8271,High,New,True,100.95,Personalized discount,RULE_HIGH_VALUE_DISCOUNT,1
648,2026-09-01T15:35:16.996131,0.9863,High,New,False,75.3,Plan downgrade offer,RULE_LOW_VALUE_DOWNGRADE,1
649,2026-09-01T15:35:16.997132,0.9974,High,Established,False,19.25,Plan downgrade offer,RULE_LOW_VALUE_DOWNGRADE,1
650,2026-09-01T15:35:16.997132,0.9966,High,New,False,30.5,Plan downgrade offer,RULE_LOW_VALUE_DOWNGRADE,1
651,2026-09-01T15:35:16.997132,0.5219,High,Loyal,False,89.15,Plan downgrade offer,RULE_LOW_VALUE_DOWNGRADE,0
652,2026-09-01T15:35:16.997132,0.9988,High,Loyal,False,70.15,Plan downgrade offer,RULE_LOW_VALUE_DOWNGRADE,1
653,2026-09-01T15:35:16.997132,0.8479,High,Established,False,79.4,Plan downgrade offer,RULE_LOW_VALUE_DOWNGRADE,1
654,2026-09-01T15:35:16.997132,0.9984,High,New,False,85.3,Plan downgrade offer,RULE_LOW_VALUE_DOWNGRADE,1
655,2026-09-01T15:35:16.997132,0.0016,Low,Loyal,False,20.05,No action needed,RULE_LOW_NO_ACTION,0
656,2026-09-01T15:35:16.997132,0.0277,Low,Loyal,True,100.55,No action needed,RULE_LOW_NO_ACTION,0
657,2026-09-01T15:35:16.997132,0.0036,Low,New,False,20.0,No action needed,RULE_LOW_NO_ACTION,0
658,2026-09-01T15:35:16.997132,0.3318,Medium,Established,False,75.6,Proactive support outreach,RULE_MEDIUM_LOW_VALUE_OUTREACH,0
659,2026-09-01T15:35:16.997132,0.0028,Low,Loyal,False,25.1,No action needed,RULE_LOW_NO_ACTION,0
660,2026-09-01T15:35:16.998131,0.2934,Medium,Loyal,False,55.3,Proactive support outreach,RULE_MEDIUM_LOW_VALUE_OUTREACH,0
661,2026-09-01T15:35:16.998131,0.008,Low,Established,False,19.9,No action needed,RULE_LOW_NO_ACTION,0
662,2026-09-01T15:35:16.998131,0.0052,Low,Loyal,True,89.9,No action needed,RULE_LOW_NO_ACTION,0
663,2026-09-01T15:35:16.998131,0.01,Low,Established,False,74.85,No action needed,RULE_LOW_NO_ACTION,0
664,2026-09-01T15:35:16.998131,0.0014,Low,Loyal,False,19.9,No action needed,RULE_LOW_NO_ACTION,0
665,2026-09-01T15:35:16.998131,0.0375,Low,Loyal,True,94.45,No action needed,RULE_LOW_NO_ACTION,0
666,2026-09-01T15:35:16.998131,0.601,High,Loyal,False,72.25,Plan downgrade offer,RULE_LOW_VALUE_DOWNGRADE,0
667,2026-09-01T15:35:16.998131,0.1846,Medium,Loyal,False,70.15,Proactive support outreach,RULE_MEDIUM_LOW_VALUE_OUTREACH,0
668,2026-09-01T15:35:16.998131,0.0276,Low,New,False,48.65,No action needed,RULE_LOW_NO_ACTION,0
669,2026-09-01T15:35:16.998131,0.016,Low,Loyal,True,104.7,No action needed,RULE_LOW_NO_ACTION,0
670,2026-09-01T15:35:16.998131,0.3998,Medium,New,False,50.3,Proactive support outreach,RULE_MEDIUM_LOW_VALUE_OUTREACH,0
671,2026-09-01T15:35:16.999131,0.042,Low,Loyal,False,54.2,No action needed,RULE_LOW_NO_ACTION,0
672,2026-09-01T15:35:16.999131,0.0311,Low,New,False,19.7,No action needed,RULE_LOW_NO_ACTION,0
673,2026-09-01T15:35:16.999131,0.1464,Medium,Loyal,True,110.6,Loyalty reward,RULE_MEDIUM_HIGH_VALUE_REWARD,0
674,2026-09-01T15:35:16.999131,0.9979,High,Loyal,True,100.2,Proactive support outreach,RULE_HIGH_VALUE_LOYAL_OUTREACH,1
675,2026-09-01T15:35:16.999131,0.0027,Low,Loyal,False,49.35,No action needed,RULE_LOW_NO_ACTION,0
676,2026-09-01T15:35:16.999131,0.0213,Low,Loyal,False,24.05,No action needed,RULE_LOW_NO_ACTION,0
677,2026-09-01T15:35:16.999131,0.9988,High,Established,False,55.2,Plan downgrade offer,RULE_LOW_VALUE_DOWNGRADE,1
678,2026-09-01T15:35:16.999131,0.9994,High,New,False,52.2,Plan downgrade offer,RULE_LOW_VALUE_DOWNGRADE,1
679,2026-09-01T15:35:16.999131,0.9994,High,Loyal,False,54.55,Plan downgrade offer,RULE_LOW_VALUE_DOWNGRADE,1
680,2026-09-01T15:35:16.999131,0.0015,Low,Loyal,False,84.7,No action needed,RULE_LOW_NO_ACTION,0
681,2026-09-01T15:35:16.999131,0.055,Low,Loyal,False,50.2,No action needed,RULE_LOW_NO_ACTION,0
682,2026-09-01T15:35:17.000129,0.0035,Low,Loyal,True,110.25,No action needed,RULE_LOW_NO_ACTION,0
683,2026-09-01T15:35:17.000129,0.132,Medium,Loyal,True,109.15,Loyalty reward,RULE_MEDIUM_HIGH_VALUE_REWARD,0
684,2026-09-01T15:35:17.000129,0.0081,Low,Established,False,74.85,No action needed,RULE_LOW_NO_ACTION,0
685,2026-09-01T15:35:17.000129,0.995,High,New,False,80.5,Plan downgrade offer,RULE_LOW_VALUE_DOWNGRADE,1
686,2026-09-01T15:35:17.000129,0.0101,Low,Loyal,True,103.95,No action needed,RULE_LOW_NO_ACTION,0
687,2026-09-01T15:35:17.000129,0.9415,High,Loyal,True,92.45,Proactive support outreach,RULE_HIGH_VALUE_LOYAL_OUTREACH,1
688,2026-09-01T15:35:17.000129,0.2425,Medium,Loyal,False,53.95,Proactive support outreach,RULE_MEDIUM_LOW_VALUE_OUTREACH,0
689,2026-09-01T15:35:17.000129,0.8816,High,New,False,50.8,Plan downgrade offer,RULE_LOW_VALUE_DOWNGRADE,0
690,2026-09-01T15:35:17.001131,0.0009,Low,Loyal,False,40.3,No action needed,RULE_LOW_NO_ACTION,0
691,2026-09-01T15:35:17.001131,0.0581,Low,Loyal,True,94.95,No action needed,RULE_LOW_NO_ACTION,0
692,2026-09-01T15:35:17.001131,0.0022,Low,Established,False,20.45,No action needed,RULE_LOW_NO_ACTION,0
693,2026-09-01T15:35:17.001131,0.9952,High,New,False,75.85,Plan downgrade offer,RULE_LOW_VALUE_DOWNGRADE,1
694,2026-09-01T15:35:17.001131,0.0008,Low,Loyal,False,25.1,No action needed,RULE_LOW_NO_ACTION,0
695,2026-09-01T15:35:17.001131,0.999,High,Loyal,False,85.55,Plan downgrade offer,RULE_LOW_VALUE_DOWNGRADE,1
696,2026-09-01T15:35:17.002131,0.0484,Low,Loyal,False,70.15,No action needed,RULE_LOW_NO_ACTION,0
697,2026-09-01T15:35:17.002131,0.0211,Low,Established,False,20.55,No action needed,RULE_LOW_NO_ACTION,0
698,2026-09-01T15:35:17.002131,0.0376,Low,Established,False,38.55,No action needed,RULE_LOW_NO_ACTION,0
699,2026-09-01T15:35:17.002131,0.0843,Low,Loyal,True,91.0,No action needed,RULE_LOW_NO_ACTION,0
700,2026-09-01T15:35:17.002131,0.3872,Medium,Loyal,False,79.3,Proactive support outreach,RULE_MEDIUM_LOW_VALUE_OUTREACH,0
701,2026-09-01T15:35:17.002131,0.0019,Low,New,False,19.7,No action needed,RULE_LOW_NO_ACTION,0
702,2026-09-01T15:35:17.002131,0.0013,Low,Loyal,False,64.65,No action needed,RULE_LOW_NO_ACTION,0
703,2026-09-01T15:35:17.002131,0.0095,Low,Loyal,False,24.65,No action needed,RULE_LOW_NO_ACTION,0
704,2026-09-01T15:35:17.002131,0.1177,Medium,Loyal,False,79.8,Proactive support outreach,RULE_MEDIUM_LOW_VALUE_OUTREACH,0
705,2026-09-01T15:35:17.003132,0.001,Low,Loyal,False,19.45,No action needed,RULE_LOW_NO_ACTION,0
706,2026-09-01T15:35:17.003132,0.4557,Medium,Loyal,True,91.35,Loyalty reward,RULE_MEDIUM_HIGH_VALUE_REWARD,0
707,2026-09-01T15:35:17.003132,0.9995,High,Loyal,False,76.5,Plan downgrade offer,RULE_LOW_VALUE_DOWNGRADE,1
708,2026-09-01T15:35:17.003132,0.0005,Low,Loyal,False,24.3,No action needed,RULE_LOW_NO_ACTION,0
709,2026-09-01T15:35:17.003132,0.0012,Low,Loyal,True,89.9,No action needed,RULE_LOW_NO_ACTION,0
710,2026-09-01T15:35:17.003132,0.9621,High,New,True,95.65,Personalized discount,RULE_HIGH_VALUE_DISCOUNT,1
711,2026-09-01T15:35:17.003132,0.6342,High,Established,False,79.75,Plan downgrade offer,RULE_LOW_VALUE_DOWNGRADE,0
712,2026-09-01T15:35:17.003132,0.0202,Low,New,False,25.35,No action needed,RULE_LOW_NO_ACTION,0
713,2026-09-01T15:35:17.004129,0.9858,High,New,True,99.8,Personalized discount,RULE_HIGH_VALUE_DISCOUNT,1
714,2026-09-01T15:35:17.004129,0.9973,High,Loyal,False,74.95,Plan downgrade offer,RULE_LOW_VALUE_DOWNGRADE,1
715,2026-09-01T15:35:17.004129,0.0019,Low,Loyal,False,61.9,No action needed,RULE_LOW_NO_ACTION,0
716,2026-09-01T15:35:17.004129,0.8605,High,Established,False,54.7,Plan downgrade offer,RULE_LOW_VALUE_DOWNGRADE,0
717,2026-09-01T15:35:17.004129,0.9954,High,Loyal,True,106.95,Proactive support outreach,RULE_HIGH_VALUE_LOYAL_OUTREACH,1
718,2026-09-01T15:35:17.004129,0.0175,Low,Established,True,90.45,No action needed,RULE_LOW_NO_ACTION,0
719,2026-09-01T15:35:17.004129,0.0012,Low,Established,False,18.9,No action needed,RULE_LOW_NO_ACTION,0
720,2026-09-01T15:35:17.004129,0.0005,Low,Loyal,False,24.75,No action needed,RULE_LOW_NO_ACTION,0
721,2026-09-01T15:35:17.004129,0.0005,Low,Loyal,False,20.65,No action needed,RULE_LOW_NO_ACTION,0
722,2026-09-01T15:35:17.004129,0.0012,Low,Established,False,18.95,No action needed,RULE_LOW_NO_ACTION,0
723,2026-09-01T15:35:17.005134,0.0416,Low,Established,False,83.55,No action needed,RULE_LOW_NO_ACTION,0
724,2026-09-01T15:35:17.005134,0.0166,Low,Loyal,False,70.2,No action needed,RULE_LOW_NO_ACTION,0
725,2026-09-01T15:35:17.005134,0.2159,Medium,Established,True,94.05,Loyalty reward,RULE_MEDIUM_HIGH_VALUE_REWARD,0
726,2026-09-01T15:35:17.005134,0.935,High,New,False,50.05,Plan downgrade offer,RULE_LOW_VALUE_DOWNGRADE,0
727,2026-09-01T15:35:17.005134,0.1996,Medium,Loyal,False,58.35,Proactive support outreach,RULE_MEDIUM_LOW_VALUE_OUTREACH,0
728,2026-09-01T15:35:17.005134,0.9079,High,New,False,75.5,Plan downgrade offer,RULE_LOW_VALUE_DOWNGRADE,1
729,2026-09-01T15:35:17.005134,0.9985,High,Loyal,False,71.05,Plan downgrade offer,RULE_LOW_VALUE_DOWNGRADE,1
730,2026-09-01T15:35:17.005134,0.0371,Low,Established,False,56.8,No action needed,RULE_LOW_NO_ACTION,0
731,2026-09-01T15:35:17.005134,0.9973,High,Established,False,55.95,Plan downgrade offer,RULE_LOW_VALUE_DOWNGRADE,1
732,2026-09-01T15:35:17.006128,0.0017,Low,Loyal,False,80.65,No action needed,RULE_LOW_NO_ACTION,0
733,2026-09-01T15:35:17.006128,0.0216,Low,New,False,79.15,No action needed,RULE_LOW_NO_ACTION,0
734,2026-09-01T15:35:17.006128,0.0128,Low,New,True,90.65,No action needed,RULE_LOW_NO_ACTION,0
735,2026-09-01T15:35:17.006128,0.9907,High,New,False,53.5,Plan downgrade offer,RULE_LOW_VALUE_DOWNGRADE,1
736,2026-09-01T15:35:17.006128,0.0025,Low,Loyal,False,53.65,No action needed,RULE_LOW_NO_ACTION,0
737,2026-09-01T15:35:17.006128,0.0027,Low,Established,False,55.95,No action needed,RULE_LOW_NO_ACTION,0
738,2026-09-01T15:35:17.006128,0.0007,Low,Loyal,False,23.55,No action needed,RULE_LOW_NO_ACTION,0
739,2026-09-01T15:35:17.006128,0.0057,Low,Loyal,False,20.65,No action needed,RULE_LOW_NO_ACTION,0
740,2026-09-01T15:35:17.006128,0.9965,High,New,False,69.1,Plan downgrade offer,RULE_LOW_VALUE_DOWNGRADE,1
741,2026-09-01T15:35:17.006128,0.0525,Low,New,False,57.2,No action needed,RULE_LOW_NO_ACTION,0
742,2026-09-01T15:35:17.007128,0.0109,Low,New,False,20.3,No action needed,RULE_LOW_NO_ACTION,0
743,2026-09-01T15:35:17.007128,0.6736,High,Established,False,74.35,Plan downgrade offer,RULE_LOW_VALUE_DOWNGRADE,1
744,2026-09-01T15:35:17.007128,0.9933,High,New,False,61.45,Plan downgrade offer,RULE_LOW_VALUE_DOWNGRADE,1
745,2026-09-01T15:35:17.007128,0.9765,High,Established,False,19.65,Plan downgrade offer,RULE_LOW_VALUE_DOWNGRADE,1
746,2026-09-01T15:35:17.007128,0.0387,Low,New,True,90.75,No action needed,RULE_LOW_NO_ACTION,0
747,2026-09-01T15:35:17.007128,0.0011,Low,Loyal,True,92.0,No action needed,RULE_LOW_NO_ACTION,0
748,2026-09-01T15:35:17.007128,0.0006,Low,Loyal,False,52.85,No action needed,RULE_LOW_NO_ACTION,0
749,2026-09-01T15:35:17.007128,0.0509,Low,New,False,71.0,No action needed,RULE_LOW_NO_ACTION,1
750,2026-09-01T15:35:17.007128,0.5226,High,Established,False,20.15,Plan downgrade offer,RULE_LOW_VALUE_DOWNGRADE,0
751,2026-09-01T15:35:17.007128,0.0009,Low,Loyal,False,68.75,No action needed,RULE_LOW_NO_ACTION,0
752,2026-09-01T15:35:17.008128,0.0061,Low,Loyal,False,19.5,No action needed,RULE_LOW_NO_ACTION,0
753,2026-09-01T15:35:17.008128,0.0164,Low,Loyal,False,84.8,No action needed,RULE_LOW_NO_ACTION,0
754,2026-09-01T15:35:17.008128,0.0056,Low,Loyal,False,20.85,No action needed,RULE_LOW_NO_ACTION,0
755,2026-09-01T15:35:17.008128,0.0262,Low,Loyal,True,90.05,No action needed,RULE_LOW_NO_ACTION,0
756,2026-09-01T15:35:17.008128,0.2897,Medium,New,False,25.75,Proactive support outreach,RULE_MEDIUM_LOW_VALUE_OUTREACH,0
757,2026-09-01T15:35:17.008128,0.3168,Medium,Loyal,True,94.1,Loyalty reward,RULE_MEDIUM_HIGH_VALUE_REWARD,1
758,2026-09-01T15:35:17.008128,0.9792,High,Established,True,100.95,Personalized discount,RULE_HIGH_VALUE_DISCOUNT,1
759,2026-09-01T15:35:17.008128,0.0096,Low,Established,False,20.6,No action needed,RULE_LOW_NO_ACTION,0
760,2026-09-01T15:35:17.008128,0.3803,Medium,Loyal,False,85.75,Proactive support outreach,RULE_MEDIUM_LOW_VALUE_OUTREACH,0
761,2026-09-01T15:35:17.008128,0.0027,Low,Loyal,False,19.85,No action needed,RULE_LOW_NO_ACTION,0
762,2026-09-01T15:35:17.009128,0.9997,High,New,False,84.85,Plan downgrade offer,RULE_LOW_VALUE_DOWNGRADE,1
763,2026-09-01T15:35:17.009128,0.8265,High,Loyal,True,92.4,Proactive support outreach,RULE_HIGH_VALUE_LOYAL_OUTREACH,0
764,2026-09-01T15:35:17.009128,0.0091,Low,Established,False,80.5,No action needed,RULE_LOW_NO_ACTION,0
765,2026-09-01T15:35:17.009128,0.1054,Medium,Established,True,100.05,Loyalty reward,RULE_MEDIUM_HIGH_VALUE_REWARD,0
766,2026-09-01T15:35:17.009128,0.4156,Medium,Loyal,True,98.85,Loyalty reward,RULE_MEDIUM_HIGH_VALUE_REWARD,0
767,2026-09-01T15:35:17.009128,0.1385,Medium,Loyal,False,85.55,Proactive support outreach,RULE_MEDIUM_LOW_VALUE_OUTREACH,0
768,2026-09-01T15:35:17.009128,0.0349,Low,Loyal,False,54.3,No action needed,RULE_LOW_NO_ACTION,0
769,2026-09-01T15:35:17.009128,0.0027,Low,New,False,80.85,No action needed,RULE_LOW_NO_ACTION,0
770,2026-09-01T15:35:17.009128,0.01,Low,New,False,75.65,No action needed,RULE_LOW_NO_ACTION,0
771,2026-09-01T15:35:17.009128,0.9994,High,New,False,78.8,Plan downgrade offer,RULE_LOW_VALUE_DOWNGRADE,1
772,2026-09-01T15:35:17.009128,0.0785,Low,Loyal,False,61.55,No action needed,RULE_LOW_NO_ACTION,0
773,2026-09-01T15:35:17.010128,0.0047,Low,Established,False,84.35,No action needed,RULE_LOW_NO_ACTION,0
774,2026-09-01T15:35:17.010128,0.9953,High,New,False,80.35,Plan downgrade offer,RULE_LOW_VALUE_DOWNGRADE,1
775,2026-09-01T15:35:17.010128,0.0846,Low,Established,False,84.6,No action needed,RULE_LOW_NO_ACTION,0
776,2026-09-01T15:35:17.010128,0.9971,High,New,False,49.9,Plan downgrade offer,RULE_LOW_VALUE_DOWNGRADE,1
777,2026-09-01T15:35:17.010128,0.003,Low,Established,False,57.95,No action needed,RULE_LOW_NO_ACTION,0
778,2026-09-01T15:35:17.010128,0.0023,Low,Loyal,False,49.65,No action needed,RULE_LOW_NO_ACTION,0
779,2026-09-01T15:35:17.010128,0.0021,Low,Established,False,19.75,No action needed,RULE_LOW_NO_ACTION,0
780,2026-09-01T15:35:17.010128,0.0924,Low,Loyal,True,90.55,No action needed,RULE_LOW_NO_ACTION,0
781,2026-09-01T15:35:17.010128,0.2212,Medium,Loyal,False,39.0,Proactive support outreach,RULE_MEDIUM_LOW_VALUE_OUTREACH,0
782,2026-09-01T15:35:17.010128,0.0087,Low,Loyal,False,63.3,No action needed,RULE_LOW_NO_ACTION,0
783,2026-09-01T15:35:17.011127,0.9948,High,New,False,35.2,Plan downgrade offer,RULE_LOW_VALUE_DOWNGRADE,1
784,2026-09-01T15:35:17.011127,0.0016,Low,Loyal,False,68.8,No action needed,RULE_LOW_NO_ACTION,0
785,2026-09-01T15:35:17.011127,0.0018,Low,Established,False,19.35,No action needed,RULE_LOW_NO_ACTION,0
786,2026-09-01T15:35:17.011127,0.9309,High,Loyal,True,94.1,Proactive support outreach,RULE_HIGH_VALUE_LOYAL_OUTREACH,0
787,2026-09-01T15:35:17.011127,0.1479,Medium,Loyal,True,109.05,Loyalty reward,RULE_MEDIUM_HIGH_VALUE_REWARD,0
788,2026-09-01T15:35:17.011127,0.9901,High,New,False,85.7,Plan downgrade offer,RULE_LOW_VALUE_DOWNGRADE,1
789,2026-09-01T15:35:17.011127,0.0024,Low,Established,False,50.1,No action needed,RULE_LOW_NO_ACTION,0
790,2026-09-01T15:35:17.011127,0.0039,Low,Loyal,True,109.05,No action needed,RULE_LOW_NO_ACTION,0
791,2026-09-01T15:35:17.011127,0.0013,Low,Established,False,19.6,No action needed,RULE_LOW_NO_ACTION,0
792,2026-09-01T15:35:17.011127,0.0321,Low,Loyal,False,65.2,No action needed,RULE_LOW_NO_ACTION,0
793,2026-09-01T15:35:17.012128,0.0011,Low,Loyal,False,19.8,No action needed,RULE_LOW_NO_ACTION,0
794,2026-09-01T15:35:17.012128,0.9245,High,New,False,84.4,Plan downgrade offer,RULE_LOW_VALUE_DOWNGRADE,1
795,2026-09-01T15:35:17.012128,0.0044,Low,Loyal,False,73.9,No action needed,RULE_LOW_NO_ACTION,0
796,2026-09-01T15:35:17.012128,0.9985,High,Loyal,False,70.1,Plan downgrade offer,RULE_LOW_VALUE_DOWNGRADE,1
797,2026-09-01T15:35:17.012128,0.9795,High,New,False,20.1,Plan downgrade offer,RULE_LOW_VALUE_DOWNGRADE,1
798,2026-09-01T15:35:17.012128,0.2085,Medium,Established,False,49.0,Proactive support outreach,RULE_MEDIUM_LOW_VALUE_OUTREACH,0
799,2026-09-01T15:35:17.012128,0.1948,Medium,Loyal,False,79.2,Proactive support outreach,RULE_MEDIUM_LOW_VALUE_OUTREACH,1
800,2026-09-01T15:35:17.012128,0.0072,Low,Loyal,False,53.95,No action needed,RULE_LOW_NO_ACTION,0
801,2026-09-01T15:35:17.012128,0.0129,Low,Established,False,45.3,No action needed,RULE_LOW_NO_ACTION,0
802,2026-09-01T15:35:17.012128,0.0013,Low,Loyal,True,91.15,No action needed,RULE_LOW_NO_ACTION,0
803,2026-09-01T15:35:17.012128,0.2074,Medium,Loyal,True,95.7,Loyalty reward,RULE_MEDIUM_HIGH_VALUE_REWARD,0
804,2026-09-01T15:35:17.013128,0.1493,Medium,Loyal,False,81.15,Proactive support outreach,RULE_MEDIUM_LOW_VALUE_OUTREACH,0
805,2026-09-01T15:35:17.013128,0.0563,Low,Loyal,False,19.1,No action needed,RULE_LOW_NO_ACTION,0
806,2026-09-01T15:35:17.013128,0.0178,Low,Loyal,True,100.55,No action needed,RULE_LOW_NO_ACTION,0
807,2026-09-01T15:35:17.013128,0.0049,Low,New,False,20.75,No action needed,RULE_LOW_NO_ACTION,0
808,2026-09-01T15:35:17.013128,0.0061,Low,Established,False,20.6,No action needed,RULE_LOW_NO_ACTION,0
809,2026-09-01T15:35:17.013128,0.0055,Low,Loyal,True,99.9,No action needed,RULE_LOW_NO_ACTION,0
810,2026-09-01T15:35:17.013128,0.6119,High,Established,False,54.25,Plan downgrade offer,RULE_LOW_VALUE_DOWNGRADE,0
811,2026-09-01T15:35:17.013128,0.0047,Low,Loyal,True,109.7,No action needed,RULE_LOW_NO_ACTION,0
812,2026-09-01T15:35:17.013128,0.0007,Low,Loyal,False,19.55,No action needed,RULE_LOW_NO_ACTION,0
813,2026-09-01T15:35:17.013128,0.9995,High,New,False,75.7,Plan downgrade offer,RULE_LOW_VALUE_DOWNGRADE,1
814,2026-09-01T15:35:17.013128,0.0435,Low,New,False,84.0,No action needed,RULE_LOW_NO_ACTION,0
815,2026-09-01T15:35:17.014127,0.0013,Low,Established,False,19.5,No action needed,RULE_LOW_NO_ACTION,0
816,2026-09-01T15:35:17.014127,0.9944,High,New,False,69.5,Plan downgrade offer,RULE_LOW_VALUE_DOWNGRADE,1
817,2026-09-01T15:35:17.014127,0.0109,Low,New,False,78.95,No action needed,RULE_LOW_NO_ACTION,0
818,2026-09-01T15:35:17.014127,0.9896,High,Loyal,True,106.35,Proactive support outreach,RULE_HIGH_VALUE_LOYAL_OUTREACH,1
819,2026-09-01T15:35:17.014127,0.0068,Low,Established,False,19.6,No action needed,RULE_LOW_NO_ACTION,0
820,2026-09-01T15:35:17.014127,0.0071,Low,Loyal,True,108.65,No action needed,RULE_LOW_NO_ACTION,0
821,2026-09-01T15:35:17.014127,0.0133,Low,Loyal,True,97.7,No action needed,RULE_LOW_NO_ACTION,0
822,2026-09-01T15:35:17.014127,0.0364,Low,Loyal,False,45.0,No action needed,RULE_LOW_NO_ACTION,0
823,2026-09-01T15:35:17.014127,0.0021,Low,Loyal,False,80.65,No action needed,RULE_LOW_NO_ACTION,0
824,2026-09-01T15:35:17.014127,0.0046,Low,Loyal,False,89.8,No action needed,RULE_LOW_NO_ACTION,0
825,2026-09-01T15:35:17.014127,0.0032,Low,Loyal,False,54.55,No action needed,RULE_LOW_NO_ACTION,0
826,2026-09-01T15:35:17.015128,0.933,High,Loyal,False,78.05,Plan downgrade offer,RULE_LOW_VALUE_DOWNGRADE,1
827,2026-09-01T15:35:17.015128,0.0751,Low,Loyal,False,66.1,No action needed,RULE_LOW_NO_ACTION,0
828,2026-09-01T15:35:17.015128,0.9931,High,New,False,75.55,Plan downgrade offer,RULE_LOW_VALUE_DOWNGRADE,1
829,2026-09-01T15:35:17.015128,0.9973,High,Loyal,True,96.2,Proactive support outreach,RULE_HIGH_VALUE_LOYAL_OUTREACH,1
830,2026-09-01T15:35:17.015128,0.9178,High,Established,False,74.95,Plan downgrade offer,RULE_LOW_VALUE_DOWNGRADE,1
831,2026-09-01T15:35:17.015128,0.0926,Low,Established,True,89.95,No action needed,RULE_LOW_NO_ACTION,0
832,2026-09-01T15:35:17.015128,0.0482,Low,Loyal,False,64.4,No action needed,RULE_LOW_NO_ACTION,0
833,2026-09-01T15:35:17.015128,0.9978,High,New,False,73.9,Plan downgrade offer,RULE_LOW_VALUE_DOWNGRADE,1
834,2026-09-01T15:35:17.015128,0.1066,Medium,Loyal,True,89.85,Loyalty reward,RULE_MEDIUM_HIGH_VALUE_REWARD,0
835,2026-09-01T15:35:17.015128,0.0069,Low,Loyal,False,75.2,No action needed,RULE_LOW_NO_ACTION,0
836,2026-09-01T15:35:17.015128,0.0018,Low,Loyal,False,68.45,No action needed,RULE_LOW_NO_ACTION,0
837,2026-09-01T15:35:17.016127,0.0004,Low,Loyal,False,19.75,No action needed,RULE_LOW_NO_ACTION,0
838,2026-09-01T15:35:17.016127,0.0039,Low,Established,False,53.7,No action needed,RULE_LOW_NO_ACTION,0
839,2026-09-01T15:35:17.016127,0.0713,Low,New,False,80.0,No action needed,RULE_LOW_NO_ACTION,0
840,2026-09-01T15:35:17.016127,0.0011,Low,Loyal,False,26.2,No action needed,RULE_LOW_NO_ACTION,0
841,2026-09-01T15:35:17.016127,0.6441,High,Established,False,19.25,Plan downgrade offer,RULE_LOW_VALUE_DOWNGRADE,1
842,2026-09-01T15:35:17.016127,0.6703,High,Loyal,True,100.55,Proactive support outreach,RULE_HIGH_VALUE_LOYAL_OUTREACH,0
843,2026-09-01T15:35:17.016127,0.0006,Low,Loyal,False,24.95,No action needed,RULE_LOW_NO_ACTION,0
844,2026-09-01T15:35:17.016127,0.9941,High,Loyal,True,90.85,Proactive support outreach,RULE_HIGH_VALUE_LOYAL_OUTREACH,1
845,2026-09-01T15:35:17.016127,0.001,Low,New,False,20.45,No action needed,RULE_LOW_NO_ACTION,0
846,2026-09-01T15:35:17.016127,0.0657,Low,New,False,20.4,No action needed,RULE_LOW_NO_ACTION,0
847,2026-09-01T15:35:17.017127,0.9625,High,Established,False,74.4,Plan downgrade offer,RULE_LOW_VALUE_DOWNGRADE,1
848,2026-09-01T15:35:17.017127,0.0025,Low,Loyal,False,53.65,No action needed,RULE_LOW_NO_ACTION,0
849,2026-09-01T15:35:17.017127,0.3211,Medium,Established,False,67.5,Proactive support outreach,RULE_MEDIUM_LOW_VALUE_OUTREACH,1
850,2026-09-01T15:35:17.017127,0.0006,Low,Loyal,False,24.2,No action needed,RULE_LOW_NO_ACTION,0
851,2026-09-01T15:35:17.017127,0.0011,Low,Loyal,False,75.75,No action needed,RULE_LOW_NO_ACTION,0
852,2026-09-01T15:35:17.017127,0.0045,Low,New,False,57.55,No action needed,RULE_LOW_NO_ACTION,0
853,2026-09-01T15:35:17.017127,0.0006,Low,Loyal,False,81.35,No action needed,RULE_LOW_NO_ACTION,0
854,2026-09-01T15:35:17.017127,0.998,High,New,False,25.25,Plan downgrade offer,RULE_LOW_VALUE_DOWNGRADE,1
855,2026-09-01T15:35:17.017127,0.0132,Low,New,False,19.75,No action needed,RULE_LOW_NO_ACTION,0
856,2026-09-01T15:35:17.017127,0.9821,High,Established,False,89.05,Plan downgrade offer,RULE_LOW_VALUE_DOWNGRADE,1
857,2026-09-01T15:35:17.018129,0.0167,Low,Loyal,True,104.05,No action needed,RULE_LOW_NO_ACTION,0
858,2026-09-01T15:35:17.018129,0.0037,Low,Established,False,65.5,No action needed,RULE_LOW_NO_ACTION,0
859,2026-09-01T15:35:17.018129,0.3921,Medium,Established,False,20.1,Proactive support outreach,RULE_MEDIUM_LOW_VALUE_OUTREACH,0
860,2026-09-01T15:35:17.018129,0.9639,High,New,False,19.5,Plan downgrade offer,RULE_LOW_VALUE_DOWNGRADE,1
861,2026-09-01T15:35:17.018129,0.0099,Low,Loyal,False,59.0,No action needed,RULE_LOW_NO_ACTION,0
862,2026-09-01T15:35:17.018129,0.0005,Low,Loyal,False,19.4,No action needed,RULE_LOW_NO_ACTION,0
863,2026-09-01T15:35:17.018129,0.006,Low,Loyal,True,101.15,No action needed,RULE_LOW_NO_ACTION,0
864,2026-09-01T15:35:17.018129,0.0053,Low,Established,False,50.3,No action needed,RULE_LOW_NO_ACTION,0
865,2026-09-01T15:35:17.019130,0.9981,High,New,False,31.0,Plan downgrade offer,RULE_LOW_VALUE_DOWNGRADE,1
866,2026-09-01T15:35:17.019130,0.3318,Medium,New,False,25.0,Proactive support outreach,RULE_MEDIUM_LOW_VALUE_OUTREACH,0
867,2026-09-01T15:35:17.019130,0.1635,Medium,Loyal,False,72.95,Proactive support outreach,RULE_MEDIUM_LOW_VALUE_OUTREACH,0
868,2026-09-01T15:35:17.019130,0.001,Low,Loyal,False,69.35,No action needed,RULE_LOW_NO_ACTION,0
869,2026-09-01T15:35:17.019130,0.0092,Low,Loyal,False,24.35,No action needed,RULE_LOW_NO_ACTION,0
870,2026-09-01T15:35:17.019130,0.0058,Low,Established,False,69.1,No action needed,RULE_LOW_NO_ACTION,0
871,2026-09-01T15:35:17.019130,0.3235,Medium,Established,False,65.5,Proactive support outreach,RULE_MEDIUM_LOW_VALUE_OUTREACH,0
872,2026-09-01T15:35:17.019130,0.9979,High,New,True,90.85,Personalized discount,RULE_HIGH_VALUE_DISCOUNT,1
873,2026-09-01T15:35:17.019130,0.1953,Medium,Established,False,56.3,Proactive support outreach,RULE_MEDIUM_LOW_VALUE_OUTREACH,0
874,2026-09-01T15:35:17.019130,0.9991,High,New,False,53.85,Plan downgrade offer,RULE_LOW_VALUE_DOWNGRADE,1
875,2026-09-01T15:35:17.019130,0.873,High,Loyal,True,99.2,Proactive support outreach,RULE_HIGH_VALUE_LOYAL_OUTREACH,1
876,2026-09-01T15:35:17.020129,0.1132,Medium,Established,False,64.95,Proactive support outreach,RULE_MEDIUM_LOW_VALUE_OUTREACH,0
877,2026-09-01T15:35:17.020129,0.0685,Low,Established,False,68.25,No action needed,RULE_LOW_NO_ACTION,0
878,2026-09-01T15:35:17.020129,0.0481,Low,Established,False,50.3,No action needed,RULE_LOW_NO_ACTION,0
879,2026-09-01T15:35:17.020129,0.0005,Low,Loyal,False,20.05,No action needed,RULE_LOW_NO_ACTION,0
880,2026-09-01T15:35:17.020129,0.9992,High,New,False,50.5,Plan downgrade offer,RULE_LOW_VALUE_DOWNGRADE,1
881,2026-09-01T15:35:17.020129,0.0118,Low,Established,False,74.9,No action needed,RULE_LOW_NO_ACTION,0
882,2026-09-01T15:35:17.020129,0.998,High,New,False,70.95,Plan downgrade offer,RULE_LOW_VALUE_DOWNGRADE,1
883,2026-09-01T15:35:17.020129,0.0104,Low,Loyal,False,19.55,No action needed,RULE_LOW_NO_ACTION,0
884,2026-09-01T15:35:17.020129,0.4271,Medium,New,False,50.35,Proactive support outreach,RULE_MEDIUM_LOW_VALUE_OUTREACH,0
885,2026-09-01T15:35:17.020129,0.0016,Low,Loyal,False,58.55,No action needed,RULE_LOW_NO_ACTION,0
886,2026-09-01T15:35:17.020129,0.003,Low,Loyal,True,110.5,No action needed,RULE_LOW_NO_ACTION,0
887,2026-09-01T15:35:17.021133,0.003,Low,Loyal,False,45.9,No action needed,RULE_LOW_NO_ACTION,0
888,2026-09-01T15:35:17.021133,0.006,Low,Loyal,False,85.65,No action needed,RULE_LOW_NO_ACTION,0
889,2026-09-01T15:35:17.021133,0.9768,High,New,False,84.05,Plan downgrade offer,RULE_LOW_VALUE_DOWNGRADE,0
890,2026-09-01T15:35:17.021133,0.9901,High,Loyal,True,94.4,Proactive support outreach,RULE_HIGH_VALUE_LOYAL_OUTREACH,1
891,2026-09-01T15:35:17.021133,0.0022,Low,Established,False,65.05,No action needed,RULE_LOW_NO_ACTION,0
892,2026-09-01T15:35:17.021133,0.0145,Low,Established,False,35.65,No action needed,RULE_LOW_NO_ACTION,0
893,2026-09-01T15:35:17.021133,0.0491,Low,Loyal,True,90.65,No action needed,RULE_LOW_NO_ACTION,0
894,2026-09-01T15:35:17.021133,0.1486,Medium,New,False,44.15,Proactive support outreach,RULE_MEDIUM_LOW_VALUE_OUTREACH,1
895,2026-09-01T15:35:17.021133,0.0183,Low,Loyal,False,19.2,No action needed,RULE_LOW_NO_ACTION,0
896,2026-09-01T15:35:17.021133,0.981,High,Loyal,True,98.75,Proactive support outreach,RULE_HIGH_VALUE_LOYAL_OUTREACH,1
897,2026-09-01T15:35:17.021133,0.0059,Low,Loyal,False,88.1,No action needed,RULE_LOW_NO_ACTION,0
898,2026-09-01T15:35:17.021133,0.2024,Medium,New,False,70.15,Proactive support outreach,RULE_MEDIUM_LOW_VALUE_OUTREACH,0
899,2026-09-01T15:35:17.021133,0.0025,Low,Loyal,False,81.05,No action needed,RULE_LOW_NO_ACTION,0
900,2026-09-01T15:35:17.021133,0.0769,Low,New,True,94.05,No action needed,RULE_LOW_NO_ACTION,0
901,2026-09-01T15:35:17.021133,0.0005,Low,Loyal,False,20.05,No action needed,RULE_LOW_NO_ACTION,0
902,2026-09-01T15:35:17.021133,0.0022,Low,Loyal,False,49.85,No action needed,RULE_LOW_NO_ACTION,0
903,2026-09-01T15:35:17.021133,0.1388,Medium,Loyal,False,45.55,Proactive support outreach,RULE_MEDIUM_LOW_VALUE_OUTREACH,0
904,2026-09-01T15:35:17.022144,0.9838,High,New,False,45.1,Plan downgrade offer,RULE_LOW_VALUE_DOWNGRADE,1
905,2026-09-01T15:35:17.022144,0.9317,High,Established,False,20.4,Plan downgrade offer,RULE_LOW_VALUE_DOWNGRADE,0
906,2026-09-01T15:35:17.022144,0.1236,Medium,Loyal,True,98.85,Loyalty reward,RULE_MEDIUM_HIGH_VALUE_REWARD,0
907,2026-09-01T15:35:17.022144,0.9486,High,New,False,77.85,Plan downgrade offer,RULE_LOW_VALUE_DOWNGRADE,1
908,2026-09-01T15:35:17.022144,0.9985,High,Established,False,55.65,Plan downgrade offer,RULE_LOW_VALUE_DOWNGRADE,1
909,2026-09-01T15:35:17.022144,0.0046,Low,Loyal,True,108.95,No action needed,RULE_LOW_NO_ACTION,0
910,2026-09-01T15:35:17.022144,0.4436,Medium,Loyal,True,105.2,Loyalty reward,RULE_MEDIUM_HIGH_VALUE_REWARD,1
911,2026-09-01T15:35:17.022144,0.9986,High,New,False,70.0,Plan downgrade offer,RULE_LOW_VALUE_DOWNGRADE,1
912,2026-09-01T15:35:17.022144,0.0015,Low,Loyal,True,110.15,No action needed,RULE_LOW_NO_ACTION,0
913,2026-09-01T15:35:17.022144,0.8283,High,Loyal,True,103.5,Proactive support outreach,RULE_HIGH_VALUE_LOYAL_OUTREACH,0
914,2026-09-01T15:35:17.022144,0.9991,High,Established,False,86.5,Plan downgrade offer,RULE_LOW_VALUE_DOWNGRADE,1
915,2026-09-01T15:35:17.022144,0.0019,Low,Loyal,False,40.2,No action needed,RULE_LOW_NO_ACTION,0
916,2026-09-01T15:35:17.022144,0.1186,Medium,Loyal,True,100.9,Loyalty reward,RULE_MEDIUM_HIGH_VALUE_REWARD,0
917,2026-09-01T15:35:17.022144,0.2285,Medium,Established,False,66.6,Proactive support outreach,RULE_MEDIUM_LOW_VALUE_OUTREACH,0
918,2026-09-01T15:35:17.022144,0.7184,High,Loyal,False,71.85,Plan downgrade offer,RULE_LOW_VALUE_DOWNGRADE,0
919,2026-09-01T15:35:17.023144,0.0041,Low,Loyal,False,84.15,No action needed,RULE_LOW_NO_ACTION,0
920,2026-09-01T15:35:17.023144,0.2203,Medium,Loyal,True,102.6,Loyalty reward,RULE_MEDIUM_HIGH_VALUE_REWARD,0
921,2026-09-01T15:35:17.023144,0.9996,High,Loyal,True,99.7,Proactive support outreach,RULE_HIGH_VALUE_LOYAL_OUTREACH,1
922,2026-09-01T15:35:17.023144,0.0206,Low,Loyal,False,59.9,No action needed,RULE_LOW_NO_ACTION,0
923,2026-09-01T15:35:17.023144,0.9158,High,Loyal,False,59.9,Plan downgrade offer,RULE_LOW_VALUE_DOWNGRADE,1
924,2026-09-01T15:35:17.023144,0.0185,Low,Loyal,False,20.55,No action needed,RULE_LOW_NO_ACTION,0
925,2026-09-01T15:35:17.023144,0.9992,High,New,False,45.95,Plan downgrade offer,RULE_LOW_VALUE_DOWNGRADE,1
926,2026-09-01T15:35:17.023144,0.0017,Low,Loyal,False,19.8,No action needed,RULE_LOW_NO_ACTION,0
927,2026-09-01T15:35:17.023144,0.0979,Low,Loyal,True,98.0,No action needed,RULE_LOW_NO_ACTION,0
928,2026-09-01T15:35:17.023144,0.0447,Low,New,False,19.95,No action needed,RULE_LOW_NO_ACTION,0
929,2026-09-01T15:35:17.023144,0.2862,Medium,New,False,35.1,Proactive support outreach,RULE_MEDIUM_LOW_VALUE_OUTREACH,0
930,2026-09-01T15:35:17.023144,0.1294,Medium,Loyal,True,109.55,Loyalty reward,RULE_MEDIUM_HIGH_VALUE_REWARD,0
931,2026-09-01T15:35:17.023144,0.9822,High,Loyal,False,60.35,Plan downgrade offer,RULE_LOW_VALUE_DOWNGRADE,1
932,2026-09-01T15:35:17.023144,0.0043,Low,Established,False,39.55,No action needed,RULE_LOW_NO_ACTION,0
933,2026-09-01T15:35:17.023144,0.0064,Low,Established,False,69.6,No action needed,RULE_LOW_NO_ACTION,0
934,2026-09-01T15:35:17.023144,0.0008,Low,Loyal,False,81.0,No action needed,RULE_LOW_NO_ACTION,0
935,2026-09-01T15:35:17.024143,0.0387,Low,Loyal,True,107.25,No action needed,RULE_LOW_NO_ACTION,0
936,2026-09-01T15:35:17.024143,0.0041,Low,Loyal,False,83.15,No action needed,RULE_LOW_NO_ACTION,0
937,2026-09-01T15:35:17.024143,0.027,Low,Loyal,False,19.8,No action needed,RULE_LOW_NO_ACTION,0
938,2026-09-01T15:35:17.024143,0.075,Low,Established,False,68.65,No action needed,RULE_LOW_NO_ACTION,0
939,2026-09-01T15:35:17.024143,0.0102,Low,Loyal,False,25.35,No action needed,RULE_LOW_NO_ACTION,0
940,2026-09-01T15:35:17.024143,0.4083,Medium,New,False,79.35,Proactive support outreach,RULE_MEDIUM_LOW_VALUE_OUTREACH,1
941,2026-09-01T15:35:17.024143,0.0013,Low,Loyal,False,84.5,No action needed,RULE_LOW_NO_ACTION,0
942,2026-09-01T15:35:17.024143,0.0015,Low,Loyal,False,78.75,No action needed,RULE_LOW_NO_ACTION,0
943,2026-09-01T15:35:17.024143,0.3472,Medium,New,False,74.9,Proactive support outreach,RULE_MEDIUM_LOW_VALUE_OUTREACH,0
944,2026-09-01T15:35:17.024143,0.0019,Low,Loyal,True,93.05,No action needed,RULE_LOW_NO_ACTION,0
945,2026-09-01T15:35:17.024143,0.0048,Low,Established,False,79.65,No action needed,RULE_LOW_NO_ACTION,0
946,2026-09-01T15:35:17.024143,0.0893,Low,Loyal,False,55.7,No action needed,RULE_LOW_NO_ACTION,0
947,2026-09-01T15:35:17.024143,0.9642,High,New,True,94.2,Personalized discount,RULE_HIGH_VALUE_DISCOUNT,1
948,2026-09-01T15:35:17.024143,0.9981,High,New,False,67.75,Plan downgrade offer,RULE_LOW_VALUE_DOWNGRADE,1
949,2026-09-01T15:35:17.024143,0.917,High,Loyal,True,95.55,Proactive support outreach,RULE_HIGH_VALUE_LOYAL_OUTREACH,1
950,2026-09-01T15:35:17.024143,0.9983,High,Loyal,True,101.9,Proactive support outreach,RULE_HIGH_VALUE_LOYAL_OUTREACH,1
951,2026-09-01T15:35:17.025143,0.9682,High,Loyal,False,64.4,Plan downgrade offer,RULE_LOW_VALUE_DOWNGRADE,1
952,2026-09-01T15:35:17.025143,0.0588,Low,New,False,85.0,No action needed,RULE_LOW_NO_ACTION,0
953,2026-09-01T15:35:17.025143,0.0005,Low,Loyal,False,19.55,No action needed,RULE_LOW_NO_ACTION,0
954,2026-09-01T15:35:17.025143,0.9993,High,New,False,75.05,Plan downgrade offer,RULE_LOW_VALUE_DOWNGRADE,1
955,2026-09-01T15:35:17.025143,0.0005,Low,Loyal,False,64.05,No action needed,RULE_LOW_NO_ACTION,0
956,2026-09-01T15:35:17.025143,0.0674,Low,Established,False,85.95,No action needed,RULE_LOW_NO_ACTION,0
957,2026-09-01T15:35:17.025143,0.0908,Low,New,False,70.05,No action needed,RULE_LOW_NO_ACTION,0
958,2026-09-01T15:35:17.025143,0.9989,High,Established,False,75.75,Plan downgrade offer,RULE_LOW_VALUE_DOWNGRADE,1
959,2026-09-01T15:35:17.025143,0.018,Low,Established,False,19.8,No action needed,RULE_LOW_NO_ACTION,0
960,2026-09-01T15:35:17.025143,0.9992,High,New,False,74.7,Plan downgrade offer,RULE_LOW_VALUE_DOWNGRADE,1
961,2026-09-01T15:35:17.025143,0.0093,Low,Established,False,25.0,No action needed,RULE_LOW_NO_ACTION,0
962,2026-09-01T15:35:17.025143,0.9992,High,Established,False,85.35,Plan downgrade offer,RULE_LOW_VALUE_DOWNGRADE,1
963,2026-09-01T15:35:17.025143,0.1084,Medium,Established,False,58.35,Proactive support outreach,RULE_MEDIUM_LOW_VALUE_OUTREACH,0
964,2026-09-01T15:35:17.025143,0.1649,Medium,Loyal,False,20.55,Proactive support outreach,RULE_MEDIUM_LOW_VALUE_OUTREACH,0
965,2026-09-01T15:35:17.025143,0.0031,Low,Loyal,False,74.35,No action needed,RULE_LOW_NO_ACTION,0
966,2026-09-01T15:35:17.025143,0.4212,Medium,New,False,25.3,Proactive support outreach,RULE_MEDIUM_LOW_VALUE_OUTREACH,1
967,2026-09-01T15:35:17.026143,0.1241,Medium,Loyal,True,91.15,Loyalty reward,RULE_MEDIUM_HIGH_VALUE_REWARD,0
968,2026-09-01T15:35:17.026143,0.0233,Low,Loyal,False,25.6,No action needed,RULE_LOW_NO_ACTION,0
969,2026-09-01T15:35:17.026143,0.0364,Low,Loyal,False,66.5,No action needed,RULE_LOW_NO_ACTION,0
970,2026-09-01T15:35:17.026143,0.0011,Low,Loyal,False,25.6,No action needed,RULE_LOW_NO_ACTION,0
971,2026-09-01T15:35:17.026143,0.0249,Low,New,False,19.85,No action needed,RULE_LOW_NO_ACTION,0
972,2026-09-01T15:35:17.026143,0.4348,Medium,Established,False,69.5,Proactive support outreach,RULE_MEDIUM_LOW_VALUE_OUTREACH,0
973,2026-09-01T15:35:17.026143,0.103,Medium,Established,False,74.85,Proactive support outreach,RULE_MEDIUM_LOW_VALUE_OUTREACH,0
974,2026-09-01T15:35:17.026143,0.0027,Low,Loyal,False,70.1,No action needed,RULE_LOW_NO_ACTION,0
975,2026-09-01T15:35:17.026143,0.0032,Low,Loyal,False,58.6,No action needed,RULE_LOW_NO_ACTION,0
976,2026-09-01T15:35:17.026143,0.0325,Low,New,False,72.75,No action needed,RULE_LOW_NO_ACTION,0
977,2026-09-01T15:35:17.026143,0.009,Low,Loyal,True,103.7,No action needed,RULE_LOW_NO_ACTION,0
978,2026-09-01T15:35:17.026143,0.0313,Low,Established,False,29.1,No action needed,RULE_LOW_NO_ACTION,0
979,2026-09-01T15:35:17.026143,0.9985,High,New,False,50.45,Plan downgrade offer,RULE_LOW_VALUE_DOWNGRADE,1
980,2026-09-01T15:35:17.026143,0.994,High,New,False,44.65,Plan downgrade offer,RULE_LOW_VALUE_DOWNGRADE,1
981,2026-09-01T15:35:17.026143,0.0097,Low,New,False,19.25,No action needed,RULE_LOW_NO_ACTION,0
982,2026-09-01T15:35:17.026143,0.02,Low,Loyal,True,108.1,No action needed,RULE_LOW_NO_ACTION,0
983,2026-09-01T15:35:17.027143,0.1229,Medium,Loyal,False,20.1,Proactive support outreach,RULE_MEDIUM_LOW_VALUE_OUTREACH,0
984,2026-09-01T15:35:17.027143,0.0151,Low,Loyal,False,59.85,No action needed,RULE_LOW_NO_ACTION,0
985,2026-09-01T15:35:17.027143,0.002,Low,Loyal,False,56.05,No action needed,RULE_LOW_NO_ACTION,0
986,2026-09-01T15:35:17.027143,0.0007,Low,Loyal,False,19.6,No action needed,RULE_LOW_NO_ACTION,0
987,2026-09-01T15:35:17.027143,0.9981,High,New,False,79.0,Plan downgrade offer,RULE_LOW_VALUE_DOWNGRADE,1
988,2026-09-01T15:35:17.027143,0.0041,Low,Loyal,False,66.05,No action needed,RULE_LOW_NO_ACTION,0
989,2026-09-01T15:35:17.027143,0.0142,Low,Loyal,True,106.5,No action needed,RULE_LOW_NO_ACTION,0
990,2026-09-01T15:35:17.027143,0.0018,Low,Loyal,True,114.9,No action needed,RULE_LOW_NO_ACTION,0
991,2026-09-01T15:35:17.027143,0.0034,Low,Loyal,False,54.65,No action needed,RULE_LOW_NO_ACTION,0
992,2026-09-01T15:35:17.027143,0.9991,High,Established,False,69.5,Plan downgrade offer,RULE_LOW_VALUE_DOWNGRADE,1
993,2026-09-01T15:35:17.027143,0.017,Low,Established,False,79.95,No action needed,RULE_LOW_NO_ACTION,0
994,2026-09-01T15:35:17.027143,0.0046,Low,New,False,43.95,No action needed,RULE_LOW_NO_ACTION,0
995,2026-09-01T15:35:17.027143,0.3697,Medium,Established,True,94.1,Loyalty reward,RULE_MEDIUM_HIGH_VALUE_REWARD,0
996,2026-09-01T15:35:17.027143,0.9984,High,New,False,20.2,Plan downgrade offer,RULE_LOW_VALUE_DOWNGRADE,1
997,2026-09-01T15:35:17.028129,0.9875,High,Established,False,23.9,Plan downgrade offer,RULE_LOW_VALUE_DOWNGRADE,1
998,2026-09-01T15:35:17.028129,0.0017,Low,Loyal,False,20.45,No action needed,RULE_LOW_NO_ACTION,0
999,2026-09-01T15:35:17.028129,0.132,Medium,New,False,44.8,Proactive support outreach,RULE_MEDIUM_LOW_VALUE_OUTREACH,0
1000,2026-09-01T15:35:17.028129,0.0084,Low,Loyal,False,84.3,No action needed,RULE_LOW_NO_ACTION,0
1001,2026-09-01T15:35:17.028129,0.0095,Low,Established,False,88.95,No action needed,RULE_LOW_NO_ACTION,0
1002,2026-09-01T15:35:17.028129,0.0268,Low,Loyal,True,94.2,No action needed,RULE_LOW_NO_ACTION,0
1003,2026-09-01T15:35:17.028129,0.0185,Low,Loyal,True,114.9,No action needed,RULE_LOW_NO_ACTION,0
1004,2026-09-01T15:35:17.028129,0.0283,Low,Loyal,False,84.25,No action needed,RULE_LOW_NO_ACTION,0
1005,2026-09-01T15:35:17.028129,0.2107,Medium,Established,False,81.7,Proactive support outreach,RULE_MEDIUM_LOW_VALUE_OUTREACH,1
1006,2026-09-01T15:35:17.028129,0.0015,Low,Loyal,True,93.4,No action needed,RULE_LOW_NO_ACTION,0
1007,2026-09-01T15:35:17.028129,0.998,High,Loyal,True,96.55,Proactive support outreach,RULE_HIGH_VALUE_LOYAL_OUTREACH,1
1008,2026-09-01T15:35:17.028129,0.0354,Low,Loyal,False,88.7,No action needed,RULE_LOW_NO_ACTION,0
1009,2026-09-01T15:35:17.028129,0.0428,Low,Established,False,19.5,No action needed,RULE_LOW_NO_ACTION,0
1010,2026-09-01T15:35:17.028129,0.0137,Low,Loyal,True,109.1,No action needed,RULE_LOW_NO_ACTION,0
1011,2026-09-01T15:35:17.028129,0.0023,Low,Loyal,False,44.1,No action needed,RULE_LOW_NO_ACTION,0
1012,2026-09-01T15:35:17.029131,0.0067,Low,New,False,55.2,No action needed,RULE_LOW_NO_ACTION,0
1013,2026-09-01T15:35:17.029131,0.0046,Low,Loyal,False,20.3,No action needed,RULE_LOW_NO_ACTION,0
1014,2026-09-01T15:35:17.029131,0.0143,Low,New,False,20.85,No action needed,RULE_LOW_NO_ACTION,0
1015,2026-09-01T15:35:17.029131,0.013,Low,Loyal,True,92.3,No action needed,RULE_LOW_NO_ACTION,0
1016,2026-09-01T15:35:17.029131,0.0014,Low,Established,False,54.25,No action needed,RULE_LOW_NO_ACTION,0
1017,2026-09-01T15:35:17.029131,0.0011,Low,Established,False,19.75,No action needed,RULE_LOW_NO_ACTION,0
1018,2026-09-01T15:35:17.029131,0.8666,High,Established,False,43.55,Plan downgrade offer,RULE_LOW_VALUE_DOWNGRADE,0
1019,2026-09-01T15:35:17.029131,0.9861,High,New,False,19.8,Plan downgrade offer,RULE_LOW_VALUE_DOWNGRADE,1
1020,2026-09-01T15:35:17.029131,0.0062,Low,Loyal,False,50.2,No action needed,RULE_LOW_NO_ACTION,0
1021,2026-09-01T15:35:17.029131,0.0742,Low,Loyal,False,26.0,No action needed,RULE_LOW_NO_ACTION,0
1022,2026-09-01T15:35:17.029131,0.0137,Low,Established,False,69.65,No action needed,RULE_LOW_NO_ACTION,0
1023,2026-09-01T15:35:17.029131,0.1577,Medium,Established,False,89.6,Proactive support outreach,RULE_MEDIUM_LOW_VALUE_OUTREACH,0
1024,2026-09-01T15:35:17.029131,0.7799,High,New,False,20.25,Plan downgrade offer,RULE_LOW_VALUE_DOWNGRADE,1
1025,2026-09-01T15:35:17.029131,0.05,Low,Loyal,False,75.4,No action needed,RULE_LOW_NO_ACTION,0
1026,2026-09-01T15:35:17.029131,0.046,Low,Loyal,False,20.7,No action needed,RULE_LOW_NO_ACTION,0
1027,2026-09-01T15:35:17.029131,0.0075,Low,New,False,44.0,No action needed,RULE_LOW_NO_ACTION,0
1028,2026-09-01T15:35:17.030144,0.1814,Medium,Loyal,True,93.5,Loyalty reward,RULE_MEDIUM_HIGH_VALUE_REWARD,0
1029,2026-09-01T15:35:17.030144,0.0526,Low,Loyal,True,97.25,No action needed,RULE_LOW_NO_ACTION,0
1030,2026-09-01T15:35:17.030144,0.0051,Low,Loyal,False,77.35,No action needed,RULE_LOW_NO_ACTION,0
1031,2026-09-01T15:35:17.030144,0.0694,Low,Established,False,19.05,No action needed,RULE_LOW_NO_ACTION,0
1032,2026-09-01T15:35:17.030144,0.8708,High,Established,False,84.9,Plan downgrade offer,RULE_LOW_VALUE_DOWNGRADE,0
1033,2026-09-01T15:35:17.030144,0.0086,Low,New,False,19.65,No action needed,RULE_LOW_NO_ACTION,0
1034,2026-09-01T15:35:17.030144,0.9989,High,Established,False,85.6,Plan downgrade offer,RULE_LOW_VALUE_DOWNGRADE,1
1035,2026-09-01T15:35:17.030144,0.3233,Medium,Loyal,True,100.75,Loyalty reward,RULE_MEDIUM_HIGH_VALUE_REWARD,0
1036,2026-09-01T15:35:17.030144,0.0267,Low,Loyal,True,90.8,No action needed,RULE_LOW_NO_ACTION,0
1037,2026-09-01T15:35:17.030144,0.0107,Low,Loyal,True,101.3,No action needed,RULE_LOW_NO_ACTION,0
1038,2026-09-01T15:35:17.030144,0.1707,Medium,Loyal,True,97.8,Loyalty reward,RULE_MEDIUM_HIGH_VALUE_REWARD,0
1039,2026-09-01T15:35:17.030144,0.0307,Low,Established,False,73.75,No action needed,RULE_LOW_NO_ACTION,0
1040,2026-09-01T15:35:17.030144,0.9982,High,Loyal,False,89.5,Plan downgrade offer,RULE_LOW_VALUE_DOWNGRADE,1
1041,2026-09-01T15:35:17.030144,0.008,Low,Loyal,False,19.45,No action needed,RULE_LOW_NO_ACTION,0
1042,2026-09-01T15:35:17.030144,0.1809,Medium,Loyal,True,104.0,Loyalty reward,RULE_MEDIUM_HIGH_VALUE_REWARD,0
1043,2026-09-01T15:35:17.030144,0.0015,Low,Loyal,True,109.5,No action needed,RULE_LOW_NO_ACTION,0
1044,2026-09-01T15:35:17.031144,0.0685,Low,Loyal,False,35.4,No action needed,RULE_LOW_NO_ACTION,0
1045,2026-09-01T15:35:17.031144,0.9972,High,Loyal,True,106.1,Proactive support outreach,RULE_HIGH_VALUE_LOYAL_OUTREACH,1
1046,2026-09-01T15:35:17.031144,0.0281,Low,Established,False,20.1,No action needed,RULE_LOW_NO_ACTION,0
1047,2026-09-01T15:35:17.031144,0.102,Medium,Loyal,True,94.7,Loyalty reward,RULE_MEDIUM_HIGH_VALUE_REWARD,0
1048,2026-09-01T15:35:17.031144,0.3199,Medium,Established,False,75.4,Proactive support outreach,RULE_MEDIUM_LOW_VALUE_OUTREACH,0
1049,2026-09-01T15:35:17.031144,0.9922,High,New,False,49.35,Plan downgrade offer,RULE_LOW_VALUE_DOWNGRADE,1
1050,2026-09-01T15:35:17.031144,0.0009,Low,Loyal,False,60.8,No action needed,RULE_LOW_NO_ACTION,0
1051,2026-09-01T15:35:17.031144,0.0022,Low,Loyal,True,115.15,No action needed,RULE_LOW_NO_ACTION,0
1052,2026-09-01T15:35:17.031144,0.0016,Low,Loyal,False,72.9,No action needed,RULE_LOW_NO_ACTION,0
1053,2026-09-01T15:35:17.031144,0.0093,Low,Established,True,103.85,No action needed,RULE_LOW_NO_ACTION,0
1054,2026-09-01T15:35:17.031144,0.001,Low,Loyal,False,60.25,No action needed,RULE_LOW_NO_ACTION,0
1055,2026-09-01T15:35:17.031144,0.001,Low,Loyal,False,76.9,No action needed,RULE_LOW_NO_ACTION,0
1056,2026-09-01T15:35:17.031144,0.9978,High,Established,False,87.25,Plan downgrade offer,RULE_LOW_VALUE_DOWNGRADE,1
1057,2026-09-01T15:35:17.031144,0.0069,Low,Loyal,False,19.5,No action needed,RULE_LOW_NO_ACTION,0
1058,2026-09-01T15:35:17.031144,0.6627,High,New,False,74.4,Plan downgrade offer,RULE_LOW_VALUE_DOWNGRADE,1
1059,2026-09-01T15:35:17.031144,0.0005,Low,Loyal,False,20.5,No action needed,RULE_LOW_NO_ACTION,0
1060,2026-09-01T15:35:17.032143,0.0037,Low,Loyal,False,65.7,No action needed,RULE_LOW_NO_ACTION,0
1061,2026-09-01T15:35:17.032143,0.0275,Low,Established,False,89.4,No action needed,RULE_LOW_NO_ACTION,1
1062,2026-09-01T15:35:17.032143,0.0058,Low,Loyal,False,79.15,No action needed,RULE_LOW_NO_ACTION,0
1063,2026-09-01T15:35:17.032143,0.0392,Low,Loyal,False,51.35,No action needed,RULE_LOW_NO_ACTION,0
1064,2026-09-01T15:35:17.032143,0.9993,High,New,False,70.0,Plan downgrade offer,RULE_LOW_VALUE_DOWNGRADE,1
1065,2026-09-01T15:35:17.032143,0.0302,Low,New,False,20.3,No action needed,RULE_LOW_NO_ACTION,0
1066,2026-09-01T15:35:17.032143,0.9949,High,New,False,79.9,Plan downgrade offer,RULE_LOW_VALUE_DOWNGRADE,1
1067,2026-09-01T15:35:17.032143,0.0237,Low,New,False,19.9,No action needed,RULE_LOW_NO_ACTION,0
1068,2026-09-01T15:35:17.032143,0.017,Low,Loyal,True,114.1,No action needed,RULE_LOW_NO_ACTION,0
1069,2026-09-01T15:35:17.032143,0.0334,Low,Loyal,False,64.15,No action needed,RULE_LOW_NO_ACTION,0
1070,2026-09-01T15:35:17.032143,0.0056,Low,Loyal,False,45.85,No action needed,RULE_LOW_NO_ACTION,0
1071,2026-09-01T15:35:17.032143,0.8507,High,Established,False,59.8,Plan downgrade offer,RULE_LOW_VALUE_DOWNGRADE,0
1072,2026-09-01T15:35:17.032143,0.0429,Low,Established,False,45.0,No action needed,RULE_LOW_NO_ACTION,0
1073,2026-09-01T15:35:17.032143,0.5309,High,Established,True,95.95,Personalized discount,RULE_HIGH_VALUE_DISCOUNT,0
1074,2026-09-01T15:35:17.032143,0.0177,Low,New,True,90.35,No action needed,RULE_LOW_NO_ACTION,0
1075,2026-09-01T15:35:17.032143,0.0106,Low,Loyal,True,100.35,No action needed,RULE_LOW_NO_ACTION,0
1076,2026-09-01T15:35:17.033143,0.3508,Medium,Loyal,False,74.65,Proactive support outreach,RULE_MEDIUM_LOW_VALUE_OUTREACH,0
1077,2026-09-01T15:35:17.033143,0.8437,High,Loyal,True,104.05,Proactive support outreach,RULE_HIGH_VALUE_LOYAL_OUTREACH,0
1078,2026-09-01T15:35:17.033143,0.9425,High,New,False,53.95,Plan downgrade offer,RULE_LOW_VALUE_DOWNGRADE,1
1079,2026-09-01T15:35:17.033143,0.0192,Low,Loyal,True,97.2,No action needed,RULE_LOW_NO_ACTION,0
1080,2026-09-01T15:35:17.033143,0.01,Low,Loyal,False,62.45,No action needed,RULE_LOW_NO_ACTION,0
1081,2026-09-01T15:35:17.033143,0.0105,Low,Loyal,False,75.5,No action needed,RULE_LOW_NO_ACTION,0
1082,2026-09-01T15:35:17.033143,0.6956,High,New,False,55.25,Plan downgrade offer,RULE_LOW_VALUE_DOWNGRADE,0
1083,2026-09-01T15:35:17.033143,0.9991,High,New,False,71.0,Plan downgrade offer,RULE_LOW_VALUE_DOWNGRADE,1
1084,2026-09-01T15:35:17.033143,0.1171,Medium,New,False,48.75,Proactive support outreach,RULE_MEDIUM_LOW_VALUE_OUTREACH,0
1085,2026-09-01T15:35:17.033143,0.0782,Low,Loyal,True,94.3,No action needed,RULE_LOW_NO_ACTION,0
1086,2026-09-01T15:35:17.033143,0.1821,Medium,Loyal,True,92.3,Loyalty reward,RULE_MEDIUM_HIGH_VALUE_REWARD,0
1087,2026-09-01T15:35:17.033143,0.0125,Low,Loyal,True,114.95,No action needed,RULE_LOW_NO_ACTION,0
1088,2026-09-01T15:35:17.033143,0.9977,High,New,False,74.4,Plan downgrade offer,RULE_LOW_VALUE_DOWNGRADE,1
1089,2026-09-01T15:35:17.033143,0.0006,Low,Established,False,24.6,No action needed,RULE_LOW_NO_ACTION,0
1090,2026-09-01T15:35:17.033143,0.9984,High,New,True,95.1,Personalized discount,RULE_HIGH_VALUE_DISCOUNT,1
1091,2026-09-01T15:35:17.034128,0.315,Medium,New,False,18.85,Proactive support outreach,RULE_MEDIUM_LOW_VALUE_OUTREACH,0
1092,2026-09-01T15:35:17.034128,0.6161,High,Established,True,95.6,Personalized discount,RULE_HIGH_VALUE_DISCOUNT,0
1093,2026-09-01T15:35:17.034128,0.9994,High,Loyal,False,84.1,Plan downgrade offer,RULE_LOW_VALUE_DOWNGRADE,1
1094,2026-09-01T15:35:17.034128,0.3163,Medium,Loyal,False,81.2,Proactive support outreach,RULE_MEDIUM_LOW_VALUE_OUTREACH,0
1095,2026-09-01T15:35:17.034128,0.0072,Low,Loyal,True,105.05,No action needed,RULE_LOW_NO_ACTION,0
1096,2026-09-01T15:35:17.034128,0.0027,Low,Loyal,True,92.15,No action needed,RULE_LOW_NO_ACTION,0
1097,2026-09-01T15:35:17.034128,0.0021,Low,New,False,20.6,No action needed,RULE_LOW_NO_ACTION,0
1098,2026-09-01T15:35:17.034128,0.0034,Low,Established,False,40.25,No action needed,RULE_LOW_NO_ACTION,0
1099,2026-09-01T15:35:17.034128,0.9959,High,Loyal,False,57.55,Plan downgrade offer,RULE_LOW_VALUE_DOWNGRADE,1
1100,2026-09-01T15:35:17.035139,0.9921,High,Loyal,True,113.15,Proactive support outreach,RULE_HIGH_VALUE_LOYAL_OUTREACH,1
1101,2026-09-01T15:35:17.035139,0.1055,Medium,Loyal,True,99.5,Loyalty reward,RULE_MEDIUM_HIGH_VALUE_REWARD,1
1102,2026-09-01T15:35:17.035139,0.192,Medium,Established,False,69.9,Proactive support outreach,RULE_MEDIUM_LOW_VALUE_OUTREACH,0
1103,2026-09-01T15:35:17.035139,0.0349,Low,Established,False,20.15,No action needed,RULE_LOW_NO_ACTION,0
1104,2026-09-01T15:35:17.035139,0.0094,Low,New,False,29.15,No action needed,RULE_LOW_NO_ACTION,0
1105,2026-09-01T15:35:17.035139,0.0162,Low,Loyal,False,19.35,No action needed,RULE_LOW_NO_ACTION,0
1106,2026-09-01T15:35:17.035139,0.1933,Medium,Loyal,True,107.75,Loyalty reward,RULE_MEDIUM_HIGH_VALUE_REWARD,0
1107,2026-09-01T15:35:17.035139,0.1032,Medium,Established,False,67.8,Proactive support outreach,RULE_MEDIUM_LOW_VALUE_OUTREACH,0
1108,2026-09-01T15:35:17.035139,0.0409,Low,Loyal,True,116.0,No action needed,RULE_LOW_NO_ACTION,0
1109,2026-09-01T15:35:17.035139,0.9985,High,New,False,85.05,Plan downgrade offer,RULE_LOW_VALUE_DOWNGRADE,1
1110,2026-09-01T15:35:17.035139,0.0245,Low,Loyal,False,25.7,No action needed,RULE_LOW_NO_ACTION,0
1111,2026-09-01T15:35:17.035139,0.0021,Low,Loyal,False,81.65,No action needed,RULE_LOW_NO_ACTION,0
1112,2026-09-01T15:35:17.035139,0.1048,Medium,New,False,44.75,Proactive support outreach,RULE_MEDIUM_LOW_VALUE_OUTREACH,0
1113,2026-09-01T15:35:17.036133,0.0036,Low,Loyal,False,71.05,No action needed,RULE_LOW_NO_ACTION,0
1114,2026-09-01T15:35:17.036133,0.0173,Low,Loyal,False,20.35,No action needed,RULE_LOW_NO_ACTION,0
1115,2026-09-01T15:35:17.036133,0.0163,Low,Loyal,False,87.55,No action needed,RULE_LOW_NO_ACTION,0
1116,2026-09-01T15:35:17.036133,0.9956,High,New,False,74.25,Plan downgrade offer,RULE_LOW_VALUE_DOWNGRADE,1
1117,2026-09-01T15:35:17.036133,0.9995,High,New,False,75.8,Plan downgrade offer,RULE_LOW_VALUE_DOWNGRADE,1
1118,2026-09-01T15:35:17.036133,0.9805,High,New,True,105.35,Personalized discount,RULE_HIGH_VALUE_DISCOUNT,1
1119,2026-09-01T15:35:17.036133,0.3835,Medium,Loyal,True,94.65,Loyalty reward,RULE_MEDIUM_HIGH_VALUE_REWARD,0
1120,2026-09-01T15:35:17.036133,0.9985,High,Loyal,True,104.75,Proactive support outreach,RULE_HIGH_VALUE_LOYAL_OUTREACH,1
1121,2026-09-01T15:35:17.036133,0.0086,Low,Loyal,False,26.0,No action needed,RULE_LOW_NO_ACTION,0
1122,2026-09-01T15:35:17.036133,0.0013,Low,Loyal,False,20.85,No action needed,RULE_LOW_NO_ACTION,0
1123,2026-09-01T15:35:17.036133,0.0094,Low,Established,False,75.85,No action needed,RULE_LOW_NO_ACTION,0
1124,2026-09-01T15:35:17.036133,0.0087,Low,Loyal,False,45.25,No action needed,RULE_LOW_NO_ACTION,0
1125,2026-09-01T15:35:17.036133,0.0085,Low,Loyal,True,105.25,No action needed,RULE_LOW_NO_ACTION,0
1126,2026-09-01T15:35:17.036133,0.0118,Low,Established,True,105.0,No action needed,RULE_LOW_NO_ACTION,0
1127,2026-09-01T15:35:17.036133,0.997,High,Established,True,94.4,Personalized discount,RULE_HIGH_VALUE_DISCOUNT,1
1128,2026-09-01T15:35:17.037129,0.0069,Low,Loyal,True,105.5,No action needed,RULE_LOW_NO_ACTION,0
1129,2026-09-01T15:35:17.037129,0.0007,Low,Established,False,39.4,No action needed,RULE_LOW_NO_ACTION,0
1130,2026-09-01T15:35:17.037129,0.0232,Low,Loyal,False,20.0,No action needed,RULE_LOW_NO_ACTION,0
1131,2026-09-01T15:35:17.037129,0.0535,Low,Loyal,False,79.6,No action needed,RULE_LOW_NO_ACTION,0
1132,2026-09-01T15:35:17.037129,0.0522,Low,Loyal,False,89.8,No action needed,RULE_LOW_NO_ACTION,0
1133,2026-09-01T15:35:17.037129,0.9342,High,New,True,94.2,Personalized discount,RULE_HIGH_VALUE_DISCOUNT,1
1134,2026-09-01T15:35:17.037129,0.0185,Low,Established,False,20.35,No action needed,RULE_LOW_NO_ACTION,0
1135,2026-09-01T15:35:17.037129,0.9992,High,Established,False,33.9,Plan downgrade offer,RULE_LOW_VALUE_DOWNGRADE,1
1136,2026-09-01T15:35:17.037129,0.0056,Low,Loyal,False,77.35,No action needed,RULE_LOW_NO_ACTION,0
1137,2026-09-01T15:35:17.037129,0.541,High,Loyal,False,84.15,Plan downgrade offer,RULE_LOW_VALUE_DOWNGRADE,1
1138,2026-09-01T15:35:17.037129,0.9985,High,New,True,105.9,Personalized discount,RULE_HIGH_VALUE_DISCOUNT,1
1139,2026-09-01T15:35:17.037129,0.9992,High,Established,False,74.3,Plan downgrade offer,RULE_LOW_VALUE_DOWNGRADE,1
1140,2026-09-01T15:35:17.037129,0.0049,Low,Loyal,False,69.75,No action needed,RULE_LOW_NO_ACTION,0
1141,2026-09-01T15:35:17.037129,0.9985,High,Loyal,False,70.45,Plan downgrade offer,RULE_LOW_VALUE_DOWNGRADE,1
1142,2026-09-01T15:35:17.037129,0.0105,Low,Loyal,False,20.15,No action needed,RULE_LOW_NO_ACTION,0
1143,2026-09-01T15:35:17.037129,0.0011,Low,Loyal,False,24.2,No action needed,RULE_LOW_NO_ACTION,0
1144,2026-09-01T15:35:17.038132,0.0236,Low,Loyal,False,20.05,No action needed,RULE_LOW_NO_ACTION,0
1145,2026-09-01T15:35:17.038132,0.2461,Medium,Loyal,True,95.5,Loyalty reward,RULE_MEDIUM_HIGH_VALUE_REWARD,1
1146,2026-09-01T15:35:17.038132,0.2483,Medium,New,False,69.55,Proactive support outreach,RULE_MEDIUM_LOW_VALUE_OUTREACH,1
1147,2026-09-01T15:35:17.038132,0.3257,Medium,Loyal,True,108.25,Loyalty reward,RULE_MEDIUM_HIGH_VALUE_REWARD,0
1148,2026-09-01T15:35:17.038132,0.999,High,Loyal,False,76.25,Plan downgrade offer,RULE_LOW_VALUE_DOWNGRADE,1
1149,2026-09-01T15:35:17.038132,0.025,Low,New,False,49.8,No action needed,RULE_LOW_NO_ACTION,0
1150,2026-09-01T15:35:17.038132,0.999,High,Established,False,80.85,Plan downgrade offer,RULE_LOW_VALUE_DOWNGRADE,1
1151,2026-09-01T15:35:17.038132,0.9849,High,New,False,69.35,Plan downgrade offer,RULE_LOW_VALUE_DOWNGRADE,1
1152,2026-09-01T15:35:17.038132,0.0525,Low,Established,False,86.05,No action needed,RULE_LOW_NO_ACTION,0
1153,2026-09-01T15:35:17.038132,0.001,Low,Loyal,False,36.15,No action needed,RULE_LOW_NO_ACTION,0
1154,2026-09-01T15:35:17.038132,0.0062,Low,Loyal,False,20.1,No action needed,RULE_LOW_NO_ACTION,0
1155,2026-09-01T15:35:17.038132,0.9228,High,Established,True,90.7,Personalized discount,RULE_HIGH_VALUE_DISCOUNT,1
1156,2026-09-01T15:35:17.038132,0.001,Low,Loyal,False,88.7,No action needed,RULE_LOW_NO_ACTION,0
1157,2026-09-01T15:35:17.038132,0.9992,High,Established,True,95.15,Personalized discount,RULE_HIGH_VALUE_DISCOUNT,1
1158,2026-09-01T15:35:17.039132,0.2877,Medium,New,False,75.0,Proactive support outreach,RULE_MEDIUM_LOW_VALUE_OUTREACH,1
1159,2026-09-01T15:35:17.039132,0.9987,High,New,False,49.95,Plan downgrade offer,RULE_LOW_VALUE_DOWNGRADE,1
1160,2026-09-01T15:35:17.039132,0.9881,High,Established,False,72.15,Plan downgrade offer,RULE_LOW_VALUE_DOWNGRADE,1
1161,2026-09-01T15:35:17.039132,0.05,Low,Established,False,20.9,No action needed,RULE_LOW_NO_ACTION,0
1162,2026-09-01T15:35:17.039132,0.0016,Low,Loyal,False,20.0,No action needed,RULE_LOW_NO_ACTION,0
1163,2026-09-01T15:35:17.039132,0.4393,Medium,Loyal,True,94.25,Loyalty reward,RULE_MEDIUM_HIGH_VALUE_REWARD,1
1164,2026-09-01T15:35:17.039132,0.9951,High,Established,True,101.95,Personalized discount,RULE_HIGH_VALUE_DISCOUNT,1
1165,2026-09-01T15:35:17.039132,0.0272,Low,Loyal,False,86.9,No action needed,RULE_LOW_NO_ACTION,0
1166,2026-09-01T15:35:17.039132,0.0009,Low,Loyal,False,54.45,No action needed,RULE_LOW_NO_ACTION,0
1167,2026-09-01T15:35:17.039132,0.0034,Low,Loyal,False,85.95,No action needed,RULE_LOW_NO_ACTION,0
1168,2026-09-01T15:35:17.039132,0.0122,Low,Loyal,False,20.65,No action needed,RULE_LOW_NO_ACTION,0
1169,2026-09-01T15:35:17.039132,0.825,High,Loyal,True,99.0,Proactive support outreach,RULE_HIGH_VALUE_LOYAL_OUTREACH,0
1170,2026-09-01T15:35:17.039132,0.0019,Low,Loyal,False,43.9,No action needed,RULE_LOW_NO_ACTION,0
1171,2026-09-01T15:35:17.039132,0.0917,Low,Established,True,95.4,No action needed,RULE_LOW_NO_ACTION,0
1172,2026-09-01T15:35:17.039132,0.107,Medium,Established,True,93.5,Loyalty reward,RULE_MEDIUM_HIGH_VALUE_REWARD,0
1173,2026-09-01T15:35:17.039132,0.9827,High,Established,False,86.2,Plan downgrade offer,RULE_LOW_VALUE_DOWNGRADE,1
1174,2026-09-01T15:35:17.040144,0.0882,Low,Loyal,False,64.2,No action needed,RULE_LOW_NO_ACTION,0
1175,2026-09-01T15:35:17.040144,0.9899,High,Established,True,99.25,Personalized discount,RULE_HIGH_VALUE_DISCOUNT,1
1176,2026-09-01T15:35:17.040144,0.0011,Low,Established,False,20.4,No action needed,RULE_LOW_NO_ACTION,0
1177,2026-09-01T15:35:17.040144,0.011,Low,Loyal,False,24.7,No action needed,RULE_LOW_NO_ACTION,0
1178,2026-09-01T15:35:17.040144,0.9993,High,New,False,35.55,Plan downgrade offer,RULE_LOW_VALUE_DOWNGRADE,1
1179,2026-09-01T15:35:17.040144,0.0696,Low,Loyal,True,108.9,No action needed,RULE_LOW_NO_ACTION,0
1180,2026-09-01T15:35:17.040144,0.0145,Low,Loyal,True,115.5,No action needed,RULE_LOW_NO_ACTION,0
1181,2026-09-01T15:35:17.040144,0.9675,High,New,False,20.55,Plan downgrade offer,RULE_LOW_VALUE_DOWNGRADE,1
1182,2026-09-01T15:35:17.040144,0.0658,Low,Loyal,True,99.8,No action needed,RULE_LOW_NO_ACTION,0
1183,2026-09-01T15:35:17.040144,0.0034,Low,Loyal,False,84.25,No action needed,RULE_LOW_NO_ACTION,0
1184,2026-09-01T15:35:17.040144,0.0194,Low,New,False,21.2,No action needed,RULE_LOW_NO_ACTION,0
1185,2026-09-01T15:35:17.040144,0.0041,Low,Loyal,False,84.1,No action needed,RULE_LOW_NO_ACTION,0
1186,2026-09-01T15:35:17.040144,0.999,High,New,False,45.35,Plan downgrade offer,RULE_LOW_VALUE_DOWNGRADE,1
1187,2026-09-01T15:35:17.040144,0.2893,Medium,Established,True,98.9,Loyalty reward,RULE_MEDIUM_HIGH_VALUE_REWARD,0
1188,2026-09-01T15:35:17.040144,0.8476,High,Established,True,98.05,Personalized discount,RULE_HIGH_VALUE_DISCOUNT,1
1189,2026-09-01T15:35:17.040144,0.1119,Medium,Loyal,False,51.45,Proactive support outreach,RULE_MEDIUM_LOW_VALUE_OUTREACH,0
1190,2026-09-01T15:35:17.041143,0.0072,Low,Loyal,False,81.15,No action needed,RULE_LOW_NO_ACTION,0
1191,2026-09-01T15:35:17.041143,0.014,Low,Loyal,True,94.75,No action needed,RULE_LOW_NO_ACTION,0
1192,2026-09-01T15:35:17.041143,0.0079,Low,Established,False,84.35,No action needed,RULE_LOW_NO_ACTION,0
1193,2026-09-01T15:35:17.041143,0.0265,Low,Loyal,False,59.55,No action needed,RULE_LOW_NO_ACTION,0
1194,2026-09-01T15:35:17.041143,0.0018,Low,Loyal,False,38.5,No action needed,RULE_LOW_NO_ACTION,0
1195,2026-09-01T15:35:17.041143,0.0058,Low,Established,False,19.25,No action needed,RULE_LOW_NO_ACTION,0
1196,2026-09-01T15:35:17.041143,0.0401,Low,Loyal,False,79.0,No action needed,RULE_LOW_NO_ACTION,0
1197,2026-09-01T15:35:17.041143,0.9975,High,New,False,89.2,Plan downgrade offer,RULE_LOW_VALUE_DOWNGRADE,1
1198,2026-09-01T15:35:17.041143,0.0224,Low,Loyal,False,55.0,No action needed,RULE_LOW_NO_ACTION,0
1199,2026-09-01T15:35:17.041143,0.001,Low,Loyal,False,82.3,No action needed,RULE_LOW_NO_ACTION,0
1200,2026-09-01T15:35:17.041143,0.9981,High,Loyal,True,113.2,Proactive support outreach,RULE_HIGH_VALUE_LOYAL_OUTREACH,1
1201,2026-09-01T15:35:17.041143,0.1079,Medium,Loyal,True,100.75,Loyalty reward,RULE_MEDIUM_HIGH_VALUE_REWARD,0
1202,2026-09-01T15:35:17.041143,0.0017,Low,Loyal,False,29.3,No action needed,RULE_LOW_NO_ACTION,0
1203,2026-09-01T15:35:17.041143,0.001,Low,Established,False,64.85,No action needed,RULE_LOW_NO_ACTION,0
1204,2026-09-01T15:35:17.041143,0.0007,Low,Loyal,False,20.4,No action needed,RULE_LOW_NO_ACTION,0
1205,2026-09-01T15:35:17.041143,0.9992,High,Loyal,True,104.4,Proactive support outreach,RULE_HIGH_VALUE_LOYAL_OUTREACH,1
1206,2026-09-01T15:35:17.042143,0.4791,Medium,Established,False,55.0,Proactive support outreach,RULE_MEDIUM_LOW_VALUE_OUTREACH,0
1207,2026-09-01T15:35:17.042143,0.0485,Low,Loyal,True,105.2,No action needed,RULE_LOW_NO_ACTION,0
1208,2026-09-01T15:35:17.042143,0.0093,Low,New,False,45.2,No action needed,RULE_LOW_NO_ACTION,0
1209,2026-09-01T15:35:17.042143,0.0061,Low,Loyal,True,93.55,No action needed,RULE_LOW_NO_ACTION,0
1210,2026-09-01T15:35:17.042143,0.0147,Low,Established,False,20.85,No action needed,RULE_LOW_NO_ACTION,0
1211,2026-09-01T15:35:17.042143,0.9902,High,New,False,79.0,Plan downgrade offer,RULE_LOW_VALUE_DOWNGRADE,1
1212,2026-09-01T15:35:17.042143,0.0043,Low,Established,False,63.15,No action needed,RULE_LOW_NO_ACTION,0
1213,2026-09-01T15:35:17.042143,0.8685,High,New,False,45.8,Plan downgrade offer,RULE_LOW_VALUE_DOWNGRADE,0
1214,2026-09-01T15:35:17.042143,0.1993,Medium,Loyal,False,55.7,Proactive support outreach,RULE_MEDIUM_LOW_VALUE_OUTREACH,0
1215,2026-09-01T15:35:17.042143,0.5536,High,Established,True,95.1,Personalized discount,RULE_HIGH_VALUE_DISCOUNT,0
1216,2026-09-01T15:35:17.042143,0.9993,High,Loyal,False,75.5,Plan downgrade offer,RULE_LOW_VALUE_DOWNGRADE,1
1217,2026-09-01T15:35:17.042143,0.967,High,Established,False,89.05,Plan downgrade offer,RULE_LOW_VALUE_DOWNGRADE,1
1218,2026-09-01T15:35:17.042143,0.1019,Medium,Loyal,False,50.35,Proactive support outreach,RULE_MEDIUM_LOW_VALUE_OUTREACH,0
1219,2026-09-01T15:35:17.042143,0.001,Low,Loyal,False,20.1,No action needed,RULE_LOW_NO_ACTION,0
1220,2026-09-01T15:35:17.043147,0.0626,Low,Loyal,True,104.75,No action needed,RULE_LOW_NO_ACTION,0
1221,2026-09-01T15:35:17.043147,0.9988,High,New,True,95.45,Personalized discount,RULE_HIGH_VALUE_DISCOUNT,1
1222,2026-09-01T15:35:17.043147,0.0104,Low,New,False,74.3,No action needed,RULE_LOW_NO_ACTION,0
1223,2026-09-01T15:35:17.043147,0.9901,High,Established,True,90.6,Personalized discount,RULE_HIGH_VALUE_DISCOUNT,1
1224,2026-09-01T15:35:17.043147,0.9823,High,Established,False,75.45,Plan downgrade offer,RULE_LOW_VALUE_DOWNGRADE,1
1225,2026-09-01T15:35:17.043147,0.0094,Low,Established,True,104.6,No action needed,RULE_LOW_NO_ACTION,0
1226,2026-09-01T15:35:17.043147,0.0067,Low,Loyal,False,59.5,No action needed,RULE_LOW_NO_ACTION,0
1227,2026-09-01T15:35:17.043147,0.0084,Low,Loyal,False,82.55,No action needed,RULE_LOW_NO_ACTION,0
1228,2026-09-01T15:35:17.043147,0.0009,Low,Loyal,False,19.85,No action needed,RULE_LOW_NO_ACTION,0
1229,2026-09-01T15:35:17.043147,0.9772,High,Established,True,96.05,Personalized discount,RULE_HIGH_VALUE_DISCOUNT,1
1230,2026-09-01T15:35:17.043147,0.0105,Low,Loyal,False,61.35,No action needed,RULE_LOW_NO_ACTION,0
1231,2026-09-01T15:35:17.043147,0.9192,High,Established,False,44.45,Plan downgrade offer,RULE_LOW_VALUE_DOWNGRADE,0
1232,2026-09-01T15:35:17.043147,0.0038,Low,New,False,19.75,No action needed,RULE_LOW_NO_ACTION,0
1233,2026-09-01T15:35:17.043147,0.9965,High,New,False,70.45,Plan downgrade offer,RULE_LOW_VALUE_DOWNGRADE,1
1234,2026-09-01T15:35:17.043147,0.0647,Low,Loyal,False,82.85,No action needed,RULE_LOW_NO_ACTION,0
1235,2026-09-01T15:35:17.044148,0.0205,Low,Established,False,74.15,No action needed,RULE_LOW_NO_ACTION,0
1236,2026-09-01T15:35:17.044148,0.9994,High,Established,True,90.35,Personalized discount,RULE_HIGH_VALUE_DISCOUNT,1
1237,2026-09-01T15:35:17.044148,0.001,Low,Loyal,False,60.3,No action needed,RULE_LOW_NO_ACTION,0
1238,2026-09-01T15:35:17.044148,0.0352,Low,Loyal,True,104.65,No action needed,RULE_LOW_NO_ACTION,0
1239,2026-09-01T15:35:17.044148,0.0041,Low,Loyal,False,19.7,No action needed,RULE_LOW_NO_ACTION,0
1240,2026-09-01T15:35:17.044148,0.0232,Low,Loyal,True,110.75,No action needed,RULE_LOW_NO_ACTION,0
1241,2026-09-01T15:35:17.044148,0.2002,Medium,Loyal,True,110.25,Loyalty reward,RULE_MEDIUM_HIGH_VALUE_REWARD,0
1242,2026-09-01T15:35:17.044148,0.1123,Medium,Loyal,False,53.4,Proactive support outreach,RULE_MEDIUM_LOW_VALUE_OUTREACH,0
1243,2026-09-01T15:35:17.044148,0.0315,Low,Established,False,80.7,No action needed,RULE_LOW_NO_ACTION,0
1244,2026-09-01T15:35:17.044148,0.0005,Low,Loyal,False,18.7,No action needed,RULE_LOW_NO_ACTION,0
1245,2026-09-01T15:35:17.044148,0.002,Low,Loyal,False,89.7,No action needed,RULE_LOW_NO_ACTION,0
1246,2026-09-01T15:35:17.044148,0.0047,Low,New,False,48.95,No action needed,RULE_LOW_NO_ACTION,0
1247,2026-09-01T15:35:17.044148,0.9943,High,New,False,19.6,Plan downgrade offer,RULE_LOW_VALUE_DOWNGRADE,1
1248,2026-09-01T15:35:17.044148,0.0039,Low,Established,False,20.1,No action needed,RULE_LOW_NO_ACTION,0
1249,2026-09-01T15:35:17.044148,0.019,Low,New,False,56.55,No action needed,RULE_LOW_NO_ACTION,0
1250,2026-09-01T15:35:17.044148,0.9851,High,New,False,40.15,Plan downgrade offer,RULE_LOW_VALUE_DOWNGRADE,1
1251,2026-09-01T15:35:17.045144,0.4516,Medium,Established,False,69.4,Proactive support outreach,RULE_MEDIUM_LOW_VALUE_OUTREACH,0
1252,2026-09-01T15:35:17.045144,0.9754,High,New,False,69.9,Plan downgrade offer,RULE_LOW_VALUE_DOWNGRADE,1
1253,2026-09-01T15:35:17.045144,0.3077,Medium,Loyal,True,113.65,Loyalty reward,RULE_MEDIUM_HIGH_VALUE_REWARD,0
1254,2026-09-01T15:35:17.045144,0.9993,High,Loyal,True,96.05,Proactive support outreach,RULE_HIGH_VALUE_LOYAL_OUTREACH,1
1255,2026-09-01T15:35:17.045144,0.0435,Low,Established,False,48.8,No action needed,RULE_LOW_NO_ACTION,0
1256,2026-09-01T15:35:17.045144,0.0006,Low,Loyal,False,19.85,No action needed,RULE_LOW_NO_ACTION,0
1257,2026-09-01T15:35:17.045144,0.8516,High,New,False,55.4,Plan downgrade offer,RULE_LOW_VALUE_DOWNGRADE,1
1258,2026-09-01T15:35:17.045144,0.0026,Low,Loyal,False,19.35,No action needed,RULE_LOW_NO_ACTION,0
1259,2026-09-01T15:35:17.045144,0.9996,High,New,False,77.15,Plan downgrade offer,RULE_LOW_VALUE_DOWNGRADE,1
1260,2026-09-01T15:35:17.045144,0.0027,Low,Loyal,False,60.05,No action needed,RULE_LOW_NO_ACTION,0
1261,2026-09-01T15:35:17.045144,0.0117,Low,Loyal,False,36.1,No action needed,RULE_LOW_NO_ACTION,0
1262,2026-09-01T15:35:17.045144,0.0007,Low,Loyal,False,25.0,No action needed,RULE_LOW_NO_ACTION,0
1263,2026-09-01T15:35:17.045144,0.0966,Low,Loyal,False,73.55,No action needed,RULE_LOW_NO_ACTION,0
1264,2026-09-01T15:35:17.045144,0.0143,Low,Loyal,False,84.05,No action needed,RULE_LOW_NO_ACTION,0
1265,2026-09-01T15:35:17.045144,0.0022,Low,Loyal,False,59.5,No action needed,RULE_LOW_NO_ACTION,0
1266,2026-09-01T15:35:17.045144,0.002,Low,Established,False,54.8,No action needed,RULE_LOW_NO_ACTION,0
1267,2026-09-01T15:35:17.046143,0.9996,High,New,False,83.75,Plan downgrade offer,RULE_LOW_VALUE_DOWNGRADE,1
1268,2026-09-01T15:35:17.046143,0.0008,Low,Loyal,False,74.8,No action needed,RULE_LOW_NO_ACTION,0
1269,2026-09-01T15:35:17.046143,0.262,Medium,Established,False,84.1,Proactive support outreach,RULE_MEDIUM_LOW_VALUE_OUTREACH,0
1270,2026-09-01T15:35:17.046143,0.3675,Medium,New,False,75.55,Proactive support outreach,RULE_MEDIUM_LOW_VALUE_OUTREACH,1
1271,2026-09-01T15:35:17.046143,0.0074,Low,Established,True,108.2,No action needed,RULE_LOW_NO_ACTION,0
1272,2026-09-01T15:35:17.046143,0.0158,Low,Loyal,True,109.75,No action needed,RULE_LOW_NO_ACTION,0
1273,2026-09-01T15:35:17.046143,0.0026,Low,Loyal,False,20.3,No action needed,RULE_LOW_NO_ACTION,0
1274,2026-09-01T15:35:17.046143,0.9993,High,New,False,70.65,Plan downgrade offer,RULE_LOW_VALUE_DOWNGRADE,1
1275,2026-09-01T15:35:17.046143,0.0801,Low,Established,False,75.3,No action needed,RULE_LOW_NO_ACTION,0
1276,2026-09-01T15:35:17.046143,0.9865,High,New,False,20.95,Plan downgrade offer,RULE_LOW_VALUE_DOWNGRADE,1
1277,2026-09-01T15:35:17.046143,0.9994,High,Loyal,False,80.35,Plan downgrade offer,RULE_LOW_VALUE_DOWNGRADE,1
1278,2026-09-01T15:35:17.046143,0.0121,Low,Loyal,False,89.65,No action needed,RULE_LOW_NO_ACTION,0
1279,2026-09-01T15:35:17.046143,0.0023,Low,Established,False,49.7,No action needed,RULE_LOW_NO_ACTION,0
1280,2026-09-01T15:35:17.046143,0.0235,Low,New,False,49.5,No action needed,RULE_LOW_NO_ACTION,0
1281,2026-09-01T15:35:17.046143,0.0183,Low,Established,False,59.7,No action needed,RULE_LOW_NO_ACTION,0
1282,2026-09-01T15:35:17.046143,0.0127,Low,Loyal,False,20.65,No action needed,RULE_LOW_NO_ACTION,0
1283,2026-09-01T15:35:17.047143,0.6183,High,Loyal,False,54.9,Plan downgrade offer,RULE_LOW_VALUE_DOWNGRADE,0
1284,2026-09-01T15:35:17.047143,0.998,High,Loyal,False,49.15,Plan downgrade offer,RULE_LOW_VALUE_DOWNGRADE,1
1285,2026-09-01T15:35:17.047143,0.0824,Low,New,False,74.95,No action needed,RULE_LOW_NO_ACTION,0
1286,2026-09-01T15:35:17.047143,0.9954,High,New,False,80.55,Plan downgrade offer,RULE_LOW_VALUE_DOWNGRADE,1
1287,2026-09-01T15:35:17.047143,0.0015,Low,New,False,19.95,No action needed,RULE_LOW_NO_ACTION,0
1288,2026-09-01T15:35:17.047143,0.0248,Low,New,False,69.7,No action needed,RULE_LOW_NO_ACTION,1
1289,2026-09-01T15:35:17.047143,0.9947,High,New,False,69.6,Plan downgrade offer,RULE_LOW_VALUE_DOWNGRADE,1
1290,2026-09-01T15:35:17.047143,0.0034,Low,Loyal,False,19.75,No action needed,RULE_LOW_NO_ACTION,0
1291,2026-09-01T15:35:17.047143,0.0105,Low,Loyal,True,102.7,No action needed,RULE_LOW_NO_ACTION,0
1292,2026-09-01T15:35:17.047143,0.8871,High,New,False,24.6,Plan downgrade offer,RULE_LOW_VALUE_DOWNGRADE,1
1293,2026-09-01T15:35:17.047143,0.025,Low,Loyal,False,89.2,No action needed,RULE_LOW_NO_ACTION,0
1294,2026-09-01T15:35:17.047143,0.132,Medium,New,False,55.8,Proactive support outreach,RULE_MEDIUM_LOW_VALUE_OUTREACH,0
1295,2026-09-01T15:35:17.047143,0.1731,Medium,Loyal,True,102.85,Loyalty reward,RULE_MEDIUM_HIGH_VALUE_REWARD,0
1296,2026-09-01T15:35:17.047143,0.5546,High,Loyal,False,68.7,Plan downgrade offer,RULE_LOW_VALUE_DOWNGRADE,0
1297,2026-09-01T15:35:17.047143,0.0037,Low,Loyal,False,25.75,No action needed,RULE_LOW_NO_ACTION,0
1298,2026-09-01T15:35:17.048130,0.1039,Medium,Established,False,73.5,Proactive support outreach,RULE_MEDIUM_LOW_VALUE_OUTREACH,0
1299,2026-09-01T15:35:17.048130,0.0064,Low,New,False,53.8,No action needed,RULE_LOW_NO_ACTION,0
1300,2026-09-01T15:35:17.048130,0.9992,High,New,False,44.55,Plan downgrade offer,RULE_LOW_VALUE_DOWNGRADE,1
1301,2026-09-01T15:35:17.048130,0.0106,Low,Loyal,False,70.5,No action needed,RULE_LOW_NO_ACTION,0
1302,2026-09-01T15:35:17.048130,0.0135,Low,Loyal,True,108.15,No action needed,RULE_LOW_NO_ACTION,0
1303,2026-09-01T15:35:17.048130,0.0013,Low,Loyal,False,19.45,No action needed,RULE_LOW_NO_ACTION,0
1304,2026-09-01T15:35:17.048130,0.0057,Low,Loyal,False,85.5,No action needed,RULE_LOW_NO_ACTION,0
1305,2026-09-01T15:35:17.048130,0.0841,Low,New,False,20.05,No action needed,RULE_LOW_NO_ACTION,0
1306,2026-09-01T15:35:17.048130,0.1352,Medium,Loyal,False,54.95,Proactive support outreach,RULE_MEDIUM_LOW_VALUE_OUTREACH,0
1307,2026-09-01T15:35:17.048130,0.2805,Medium,Established,False,89.1,Proactive support outreach,RULE_MEDIUM_LOW_VALUE_OUTREACH,0
1308,2026-09-01T15:35:17.048130,0.001,Low,Loyal,False,53.35,No action needed,RULE_LOW_NO_ACTION,0
1309,2026-09-01T15:35:17.048130,0.8201,High,Loyal,True,95.25,Proactive support outreach,RULE_HIGH_VALUE_LOYAL_OUTREACH,1
1310,2026-09-01T15:35:17.048130,0.0064,Low,Loyal,False,19.45,No action needed,RULE_LOW_NO_ACTION,0
1311,2026-09-01T15:35:17.048130,0.0526,Low,Loyal,True,95.85,No action needed,RULE_LOW_NO_ACTION,0
1312,2026-09-01T15:35:17.048130,0.0037,Low,Loyal,True,99.1,No action needed,RULE_LOW_NO_ACTION,0
1313,2026-09-01T15:35:17.048130,0.0026,Low,Established,False,59.8,No action needed,RULE_LOW_NO_ACTION,0
1314,2026-09-01T15:35:17.049132,0.9466,High,Loyal,True,93.8,Proactive support outreach,RULE_HIGH_VALUE_LOYAL_OUTREACH,1
1315,2026-09-01T15:35:17.049132,0.0013,Low,New,False,19.85,No action needed,RULE_LOW_NO_ACTION,0
1316,2026-09-01T15:35:17.049132,0.0025,Low,Loyal,False,89.45,No action needed,RULE_LOW_NO_ACTION,0
1317,2026-09-01T15:35:17.049132,0.8728,High,Loyal,False,85.7,Plan downgrade offer,RULE_LOW_VALUE_DOWNGRADE,0
1318,2026-09-01T15:35:17.049132,0.9198,High,Loyal,True,111.95,Proactive support outreach,RULE_HIGH_VALUE_LOYAL_OUTREACH,1
1319,2026-09-01T15:35:17.049132,0.0013,Low,Loyal,False,75.85,No action needed,RULE_LOW_NO_ACTION,0
1320,2026-09-01T15:35:17.049132,0.9902,High,Loyal,True,99.8,Proactive support outreach,RULE_HIGH_VALUE_LOYAL_OUTREACH,1
1321,2026-09-01T15:35:17.049132,0.0005,Low,Loyal,False,25.0,No action needed,RULE_LOW_NO_ACTION,0
1322,2026-09-01T15:35:17.049132,0.9979,High,Loyal,True,99.15,Proactive support outreach,RULE_HIGH_VALUE_LOYAL_OUTREACH,1
1323,2026-09-01T15:35:17.049132,0.7803,High,Loyal,False,34.0,Plan downgrade offer,RULE_LOW_VALUE_DOWNGRADE,0
1324,2026-09-01T15:35:17.049132,0.0488,Low,New,False,19.55,No action needed,RULE_LOW_NO_ACTION,0
1325,2026-09-01T15:35:17.049132,0.1218,Medium,Established,False,20.3,Proactive support outreach,RULE_MEDIUM_LOW_VALUE_OUTREACH,0
1326,2026-09-01T15:35:17.049132,0.0418,Low,New,False,24.85,No action needed,RULE_LOW_NO_ACTION,0
1327,2026-09-01T15:35:17.049132,0.9977,High,Established,True,96.65,Personalized discount,RULE_HIGH_VALUE_DISCOUNT,1
1328,2026-09-01T15:35:17.049132,0.0012,Low,Loyal,False,81.0,No action needed,RULE_LOW_NO_ACTION,0
1329,2026-09-01T15:35:17.049132,0.0297,Low,Loyal,False,69.1,No action needed,RULE_LOW_NO_ACTION,0
1330,2026-09-01T15:35:17.050132,0.0025,Low,Loyal,True,108.55,No action needed,RULE_LOW_NO_ACTION,0
1331,2026-09-01T15:35:17.050132,0.8117,High,Loyal,False,87.55,Plan downgrade offer,RULE_LOW_VALUE_DOWNGRADE,1
1332,2026-09-01T15:35:17.050132,0.0114,Low,Loyal,True,108.5,No action needed,RULE_LOW_NO_ACTION,0
1333,2026-09-01T15:35:17.050132,0.9864,High,New,False,75.3,Plan downgrade offer,RULE_LOW_VALUE_DOWNGRADE,1
1334,2026-09-01T15:35:17.050132,0.9722,High,Established,False,84.3,Plan downgrade offer,RULE_LOW_VALUE_DOWNGRADE,1
1335,2026-09-01T15:35:17.050132,0.0904,Low,Loyal,False,20.0,No action needed,RULE_LOW_NO_ACTION,0
1336,2026-09-01T15:35:17.050132,0.0148,Low,New,False,40.55,No action needed,RULE_LOW_NO_ACTION,0
1337,2026-09-01T15:35:17.050132,0.003,Low,Loyal,False,50.0,No action needed,RULE_LOW_NO_ACTION,0
1338,2026-09-01T15:35:17.050132,0.9984,High,New,False,59.85,Plan downgrade offer,RULE_LOW_VALUE_DOWNGRADE,1
1339,2026-09-01T15:35:17.050132,0.9992,High,Established,False,80.85,Plan downgrade offer,RULE_LOW_VALUE_DOWNGRADE,1
1340,2026-09-01T15:35:17.050132,0.0069,Low,Loyal,False,20.4,No action needed,RULE_LOW_NO_ACTION,0
1341,2026-09-01T15:35:17.051514,0.0043,Low,Loyal,True,107.7,No action needed,RULE_LOW_NO_ACTION,0
1342,2026-09-01T15:35:17.051514,0.0009,Low,Loyal,False,74.0,No action needed,RULE_LOW_NO_ACTION,0
1343,2026-09-01T15:35:17.051514,0.0611,Low,Loyal,False,79.95,No action needed,RULE_LOW_NO_ACTION,0
1344,2026-09-01T15:35:17.051514,0.0182,Low,Loyal,False,20.5,No action needed,RULE_LOW_NO_ACTION,0
1345,2026-09-01T15:35:17.051514,0.0075,Low,Loyal,False,65.65,No action needed,RULE_LOW_NO_ACTION,0
1346,2026-09-01T15:35:17.051514,0.9796,High,Established,False,75.1,Plan downgrade offer,RULE_LOW_VALUE_DOWNGRADE,1
1347,2026-09-01T15:35:17.052529,0.9809,High,Established,False,76.45,Plan downgrade offer,RULE_LOW_VALUE_DOWNGRADE,1
1348,2026-09-01T15:35:17.052529,0.0105,Low,Loyal,False,67.8,No action needed,RULE_LOW_NO_ACTION,0
1349,2026-09-01T15:35:17.052529,0.4797,Medium,Loyal,False,86.1,Proactive support outreach,RULE_MEDIUM_LOW_VALUE_OUTREACH,0
1350,2026-09-01T15:35:17.052529,0.0554,Low,Loyal,False,53.85,No action needed,RULE_LOW_NO_ACTION,0
1351,2026-09-01T15:35:17.052529,0.1701,Medium,Loyal,True,96.1,Loyalty reward,RULE_MEDIUM_HIGH_VALUE_REWARD,0
1352,2026-09-01T15:35:17.052529,0.9195,High,Loyal,True,95.05,Proactive support outreach,RULE_HIGH_VALUE_LOYAL_OUTREACH,1
1353,2026-09-01T15:35:17.052529,0.0172,Low,Loyal,False,19.55,No action needed,RULE_LOW_NO_ACTION,0
1354,2026-09-01T15:35:17.052529,0.0025,Low,Loyal,False,81.3,No action needed,RULE_LOW_NO_ACTION,0
1355,2026-09-01T15:35:17.052529,0.1059,Medium,New,False,83.25,Proactive support outreach,RULE_MEDIUM_LOW_VALUE_OUTREACH,0
1356,2026-09-01T15:35:17.052529,0.0027,Low,Loyal,False,61.4,No action needed,RULE_LOW_NO_ACTION,0
1357,2026-09-01T15:35:17.052529,0.0536,Low,New,False,20.75,No action needed,RULE_LOW_NO_ACTION,0
1358,2026-09-01T15:35:17.052529,0.0083,Low,Established,False,19.65,No action needed,RULE_LOW_NO_ACTION,0
1359,2026-09-01T15:35:17.052529,0.4618,Medium,Loyal,True,104.85,Loyalty reward,RULE_MEDIUM_HIGH_VALUE_REWARD,0
1360,2026-09-01T15:35:17.052529,0.08,Low,New,False,74.1,No action needed,RULE_LOW_NO_ACTION,0
1361,2026-09-01T15:35:17.052529,0.9969,High,Established,False,61.65,Plan downgrade offer,RULE_LOW_VALUE_DOWNGRADE,1
1362,2026-09-01T15:35:17.052529,0.9462,High,Loyal,False,45.3,Plan downgrade offer,RULE_LOW_VALUE_DOWNGRADE,1
1363,2026-09-01T15:35:17.052529,0.0258,Low,New,False,64.5,No action needed,RULE_LOW_NO_ACTION,0
1364,2026-09-01T15:35:17.052529,0.066,Low,Loyal,False,78.85,No action needed,RULE_LOW_NO_ACTION,0
1365,2026-09-01T15:35:17.052529,0.0016,Low,Established,False,25.15,No action needed,RULE_LOW_NO_ACTION,0
1366,2026-09-01T15:35:17.052529,0.9988,High,New,False,70.25,Plan downgrade offer,RULE_LOW_VALUE_DOWNGRADE,1
1367,2026-09-01T15:35:17.054021,0.0025,Low,Loyal,False,24.9,No action needed,RULE_LOW_NO_ACTION,0
1368,2026-09-01T15:35:17.054021,0.3181,Medium,Established,True,100.7,Loyalty reward,RULE_MEDIUM_HIGH_VALUE_REWARD,0
1369,2026-09-01T15:35:17.054021,0.1954,Medium,New,False,19.55,Proactive support outreach,RULE_MEDIUM_LOW_VALUE_OUTREACH,0
1370,2026-09-01T15:35:17.054021,0.0297,Low,Established,False,53.15,No action needed,RULE_LOW_NO_ACTION,0
1371,2026-09-01T15:35:17.054021,0.0043,Low,Loyal,False,35.65,No action needed,RULE_LOW_NO_ACTION,0
1372,2026-09-01T15:35:17.054021,0.2155,Medium,Established,True,94.3,Loyalty reward,RULE_MEDIUM_HIGH_VALUE_REWARD,0
1373,2026-09-01T15:35:17.054021,0.9992,High,Established,True,94.1,Personalized discount,RULE_HIGH_VALUE_DISCOUNT,1
1374,2026-09-01T15:35:17.054021,0.9498,High,Established,False,29.95,Plan downgrade offer,RULE_LOW_VALUE_DOWNGRADE,1
1375,2026-09-01T15:35:17.054021,0.0011,Low,Loyal,False,83.25,No action needed,RULE_LOW_NO_ACTION,0
1376,2026-09-01T15:35:17.054021,0.1317,Medium,Loyal,False,79.05,Proactive support outreach,RULE_MEDIUM_LOW_VALUE_OUTREACH,0
1377,2026-09-01T15:35:17.054021,0.9974,High,Established,False,79.15,Plan downgrade offer,RULE_LOW_VALUE_DOWNGRADE,1
1378,2026-09-01T15:35:17.054021,0.9994,High,Established,False,34.7,Plan downgrade offer,RULE_LOW_VALUE_DOWNGRADE,1
1379,2026-09-01T15:35:17.054021,0.9982,High,Established,False,80.65,Plan downgrade offer,RULE_LOW_VALUE_DOWNGRADE,1
1380,2026-09-01T15:35:17.054021,0.0513,Low,Loyal,False,79.8,No action needed,RULE_LOW_NO_ACTION,0
1381,2026-09-01T15:35:17.054021,0.0069,Low,Established,False,65.9,No action needed,RULE_LOW_NO_ACTION,0
1382,2026-09-01T15:35:17.054021,0.1466,Medium,New,False,69.95,Proactive support outreach,RULE_MEDIUM_LOW_VALUE_OUTREACH,0
1383,2026-09-01T15:35:17.054021,0.0005,Low,Loyal,False,20.6,No action needed,RULE_LOW_NO_ACTION,0
1384,2026-09-01T15:35:17.054021,0.0601,Low,Established,False,51.3,No action needed,RULE_LOW_NO_ACTION,0
1385,2026-09-01T15:35:17.054021,0.9956,High,Loyal,True,106.0,Proactive support outreach,RULE_HIGH_VALUE_LOYAL_OUTREACH,1
1386,2026-09-01T15:35:17.054021,0.0097,Low,Loyal,True,99.3,No action needed,RULE_LOW_NO_ACTION,0
1387,2026-09-01T15:35:17.054021,0.0017,Low,Loyal,False,56.35,No action needed,RULE_LOW_NO_ACTION,0
1388,2026-09-01T15:35:17.055453,0.9957,High,New,False,50.6,Plan downgrade offer,RULE_LOW_VALUE_DOWNGRADE,1
1389,2026-09-01T15:35:17.055453,0.0111,Low,Loyal,False,69.05,No action needed,RULE_LOW_NO_ACTION,0
1390,2026-09-01T15:35:17.055453,0.0515,Low,Loyal,True,99.05,No action needed,RULE_LOW_NO_ACTION,0
1391,2026-09-01T15:35:17.055453,0.155,Medium,Loyal,True,98.25,Loyalty reward,RULE_MEDIUM_HIGH_VALUE_REWARD,0
1392,2026-09-01T15:35:17.055453,0.0014,Low,Loyal,False,88.15,No action needed,RULE_LOW_NO_ACTION,0
1393,2026-09-01T15:35:17.055453,0.991,High,New,False,69.25,Plan downgrade offer,RULE_LOW_VALUE_DOWNGRADE,1
1394,2026-09-01T15:35:17.055453,0.1353,Medium,Loyal,True,108.3,Loyalty reward,RULE_MEDIUM_HIGH_VALUE_REWARD,0
1395,2026-09-01T15:35:17.055453,0.0109,Low,Loyal,False,73.1,No action needed,RULE_LOW_NO_ACTION,0
1396,2026-09-01T15:35:17.055453,0.0485,Low,New,False,70.3,No action needed,RULE_LOW_NO_ACTION,0
1397,2026-09-01T15:35:17.055453,0.0061,Low,New,False,19.05,No action needed,RULE_LOW_NO_ACTION,0
1398,2026-09-01T15:35:17.055453,0.0034,Low,Established,False,19.85,No action needed,RULE_LOW_NO_ACTION,0
1399,2026-09-01T15:35:17.055453,0.9952,High,Established,False,84.4,Plan downgrade offer,RULE_LOW_VALUE_DOWNGRADE,1
1400,2026-09-01T15:35:17.055453,0.0018,Low,Loyal,False,35.8,No action needed,RULE_LOW_NO_ACTION,0
1401,2026-09-01T15:35:17.055453,0.0459,Low,Loyal,False,86.1,No action needed,RULE_LOW_NO_ACTION,0
1402,2026-09-01T15:35:17.055453,0.0032,Low,Loyal,False,61.3,No action needed,RULE_LOW_NO_ACTION,0
1403,2026-09-01T15:35:17.056462,0.0051,Low,Loyal,False,24.5,No action needed,RULE_LOW_NO_ACTION,0
1404,2026-09-01T15:35:17.056462,0.0801,Low,Loyal,False,87.2,No action needed,RULE_LOW_NO_ACTION,0
1405,2026-09-01T15:35:17.056462,0.0061,Low,Loyal,False,20.3,No action needed,RULE_LOW_NO_ACTION,0
1406,2026-09-01T15:35:17.056462,0.1646,Medium,New,False,20.65,Proactive support outreach,RULE_MEDIUM_LOW_VALUE_OUTREACH,0
1407,2026-09-01T15:35:17.056462,0.4331,Medium,Loyal,False,19.7,Proactive support outreach,RULE_MEDIUM_LOW_VALUE_OUTREACH,0
1408,2026-09-01T15:35:17.056462,0.0026,Low,Loyal,False,70.45,No action needed,RULE_LOW_NO_ACTION,0
